
-- Banking SQL test dataset for SQL Server
-- Includes a few intentional data quality issues for cleaning exercises

IF OBJECT_ID('dbo.fact_transactions', 'U') IS NOT NULL DROP TABLE dbo.fact_transactions;
IF OBJECT_ID('dbo.fact_loans', 'U') IS NOT NULL DROP TABLE dbo.fact_loans;
IF OBJECT_ID('dbo.dim_accounts', 'U') IS NOT NULL DROP TABLE dbo.dim_accounts;
IF OBJECT_ID('dbo.dim_customers', 'U') IS NOT NULL DROP TABLE dbo.dim_customers;

CREATE TABLE dbo.dim_customers (
    Customer_ID INT PRIMARY KEY,
    First_Name NVARCHAR(50),
    Last_Name NVARCHAR(50),
    Gender CHAR(1),
    Birth_Date DATE,
    City NVARCHAR(50),
    Customer_Segment NVARCHAR(20),
    Join_Date DATE,
    Status NVARCHAR(20)
);

CREATE TABLE dbo.dim_accounts (
    Account_ID INT PRIMARY KEY,
    Customer_ID INT,
    Account_Type NVARCHAR(20),
    Open_Date DATE,
    Close_Date DATE NULL,
    Currency CHAR(3),
    Account_Status NVARCHAR(20),
    FOREIGN KEY (Customer_ID) REFERENCES dbo.dim_customers(Customer_ID)
);

CREATE TABLE dbo.fact_transactions (
    Transaction_ID INT PRIMARY KEY,
    Account_ID INT,
    Transaction_Date DATE,
    Transaction_Type NVARCHAR(30),
    Amount DECIMAL(12,2),
    Direction NVARCHAR(10),
    Merchant_Category NVARCHAR(50),
    Channel NVARCHAR(20),
    City NVARCHAR(50),
    Is_Fraud_Flag BIT,
    FOREIGN KEY (Account_ID) REFERENCES dbo.dim_accounts(Account_ID)
);

CREATE TABLE dbo.fact_loans (
    Loan_ID INT PRIMARY KEY,
    Customer_ID INT,
    Loan_Type NVARCHAR(20),
    Loan_Amount DECIMAL(14,2),
    Interest_Rate DECIMAL(5,2),
    Start_Date DATE,
    End_Date DATE,
    Loan_Status NVARCHAR(20),
    Monthly_Installment DECIMAL(12,2),
    FOREIGN KEY (Customer_ID) REFERENCES dbo.dim_customers(Customer_ID)
);


-- Insert data into dim_customers
INSERT INTO dbo.dim_customers (Customer_ID, First_Name, Last_Name, Gender, Birth_Date, City, Customer_Segment, Join_Date, Status) VALUES (1, N'Magda', N'Lewandowski', N'F', N'1973-02-27', N'Poznan', N'Retail', N'2024-01-03', N'Active');
INSERT INTO dbo.dim_customers (Customer_ID, First_Name, Last_Name, Gender, Birth_Date, City, Customer_Segment, Join_Date, Status) VALUES (2, N'Piotr', N'Lewandowski', N'M', N'1996-02-08', N'Krakow', N'Retail', N'2021-07-05', N'Active');
INSERT INTO dbo.dim_customers (Customer_ID, First_Name, Last_Name, Gender, Birth_Date, City, Customer_Segment, Join_Date, Status) VALUES (3, N'Lukasz', N'Nowak', N'M', N'1995-01-08', N'Katowice', N'Retail', N'2021-04-06', N'Active');
INSERT INTO dbo.dim_customers (Customer_ID, First_Name, Last_Name, Gender, Birth_Date, City, Customer_Segment, Join_Date, Status) VALUES (4, N'Mateusz', N'Kowalski', N'M', N'1989-09-27', N'Poznan', N'Retail', N'2024-10-28', N'Active');
INSERT INTO dbo.dim_customers (Customer_ID, First_Name, Last_Name, Gender, Birth_Date, City, Customer_Segment, Join_Date, Status) VALUES (5, N'Katarzyna', N'Szymanski', N'F', N'1974-10-02', N'Katowice', N'Retail', N'2024-06-21', N'Active');
INSERT INTO dbo.dim_customers (Customer_ID, First_Name, Last_Name, Gender, Birth_Date, City, Customer_Segment, Join_Date, Status) VALUES (6, N'Monika', N'Dabrowski', N'F', N'1999-06-10', N'Poznan', N'Premium', N'2022-05-24', N'Active');
INSERT INTO dbo.dim_customers (Customer_ID, First_Name, Last_Name, Gender, Birth_Date, City, Customer_Segment, Join_Date, Status) VALUES (7, N'Lukasz', N'Kowalczyk', N'M', N'2001-06-24', N'Krakow', N'Retail', N'2023-07-09', N'Inactive');
INSERT INTO dbo.dim_customers (Customer_ID, First_Name, Last_Name, Gender, Birth_Date, City, Customer_Segment, Join_Date, Status) VALUES (8, N'Magda', N'Kaminski', N'F', N'1979-08-14', N'Lodz', N'Business', N'2021-03-22', N'Active');
INSERT INTO dbo.dim_customers (Customer_ID, First_Name, Last_Name, Gender, Birth_Date, City, Customer_Segment, Join_Date, Status) VALUES (9, N'Ewa', N'Dabrowski', N'F', N'2001-10-26', N'Gdansk', N'Retail', N'2023-07-24', N'Active');
INSERT INTO dbo.dim_customers (Customer_ID, First_Name, Last_Name, Gender, Birth_Date, City, Customer_Segment, Join_Date, Status) VALUES (10, N'Katarzyna', N'Nowak', N'F', N'1989-11-19', N'Katowice', N'Premium', N'2024-10-27', N'Active');
INSERT INTO dbo.dim_customers (Customer_ID, First_Name, Last_Name, Gender, Birth_Date, City, Customer_Segment, Join_Date, Status) VALUES (11, N'Anna', N'Zielinski', N'F', N'1992-03-20', N'Gdansk', N'Retail', N'2021-08-28', N'Active');
INSERT INTO dbo.dim_customers (Customer_ID, First_Name, Last_Name, Gender, Birth_Date, City, Customer_Segment, Join_Date, Status) VALUES (12, N'Michal', N'Lewandowski', N'M', N'1995-08-03', N'Wroclaw', N'Retail', N'2021-12-07', N'Active');
INSERT INTO dbo.dim_customers (Customer_ID, First_Name, Last_Name, Gender, Birth_Date, City, Customer_Segment, Join_Date, Status) VALUES (13, N'Natalia', N'Kowalczyk', N'F', N'1996-06-22', N'Krakow', N'Retail', N'2025-12-16', N'Active');
INSERT INTO dbo.dim_customers (Customer_ID, First_Name, Last_Name, Gender, Birth_Date, City, Customer_Segment, Join_Date, Status) VALUES (14, N'Kamil', N'Wojcik', N'M', N'1984-01-16', N'Warsaw', N'Retail', N'2025-08-30', N'Active');
INSERT INTO dbo.dim_customers (Customer_ID, First_Name, Last_Name, Gender, Birth_Date, City, Customer_Segment, Join_Date, Status) VALUES (15, N'Marcin', N'Szymanski', N'M', N'1993-10-19', N'Warsaw', N'Business', N'2022-10-15', N'Active');
INSERT INTO dbo.dim_customers (Customer_ID, First_Name, Last_Name, Gender, Birth_Date, City, Customer_Segment, Join_Date, Status) VALUES (16, N'Natalia', N'Lewandowski', N'F', N'1995-07-13', N'Poznan', N'Retail', N'2021-08-01', N'Active');
INSERT INTO dbo.dim_customers (Customer_ID, First_Name, Last_Name, Gender, Birth_Date, City, Customer_Segment, Join_Date, Status) VALUES (17, N'Michal', N'Zielinski', N'M', N'1980-02-11', N'Wroclaw', N'Retail', N'2024-05-15', N'Active');
INSERT INTO dbo.dim_customers (Customer_ID, First_Name, Last_Name, Gender, Birth_Date, City, Customer_Segment, Join_Date, Status) VALUES (18, N'Pawel', N'Dabrowski', N'M', N'1971-02-28', N'Gdansk', N'Premium', N'2022-03-02', N'Active');
INSERT INTO dbo.dim_customers (Customer_ID, First_Name, Last_Name, Gender, Birth_Date, City, Customer_Segment, Join_Date, Status) VALUES (19, N'Aleksandra', N'Kaminski', N'F', N'2000-02-04', N'Lublin', N'Retail', N'2025-10-05', N'Inactive');
INSERT INTO dbo.dim_customers (Customer_ID, First_Name, Last_Name, Gender, Birth_Date, City, Customer_Segment, Join_Date, Status) VALUES (20, N'Joanna', N'Kowalski', N'F', N'1979-02-24', N'Wroclaw', N'Premium', N'2022-12-03', N'Active');

-- Insert data into dim_accounts
INSERT INTO dbo.dim_accounts (Account_ID, Customer_ID, Account_Type, Open_Date, Close_Date, Currency, Account_Status) VALUES (1001, 1, N'Savings', N'2024-07-31', NULL, N'PLN', N'Open');
INSERT INTO dbo.dim_accounts (Account_ID, Customer_ID, Account_Type, Open_Date, Close_Date, Currency, Account_Status) VALUES (1002, 1, N'Savings', N'2024-01-30', N'2024-06-01', N'PLN', N'Closed');
INSERT INTO dbo.dim_accounts (Account_ID, Customer_ID, Account_Type, Open_Date, Close_Date, Currency, Account_Status) VALUES (1003, 2, N'Personal', N'2023-07-26', NULL, N'PLN', N'Open');
INSERT INTO dbo.dim_accounts (Account_ID, Customer_ID, Account_Type, Open_Date, Close_Date, Currency, Account_Status) VALUES (1004, 3, N'Savings', N'2024-01-30', NULL, N'PLN', N'Open');
INSERT INTO dbo.dim_accounts (Account_ID, Customer_ID, Account_Type, Open_Date, Close_Date, Currency, Account_Status) VALUES (1005, 3, N'Personal', N'2025-09-06', NULL, N'PLN', N'Open');
INSERT INTO dbo.dim_accounts (Account_ID, Customer_ID, Account_Type, Open_Date, Close_Date, Currency, Account_Status) VALUES (1006, 4, N'Personal', N'2025-02-21', NULL, N'PLN', N'Open');
INSERT INTO dbo.dim_accounts (Account_ID, Customer_ID, Account_Type, Open_Date, Close_Date, Currency, Account_Status) VALUES (1007, 4, N'Personal', N'2024-11-11', NULL, N'PLN', N'Open');
INSERT INTO dbo.dim_accounts (Account_ID, Customer_ID, Account_Type, Open_Date, Close_Date, Currency, Account_Status) VALUES (1008, 5, N'Savings', N'2025-06-08', NULL, N'PLN', N'Open');
INSERT INTO dbo.dim_accounts (Account_ID, Customer_ID, Account_Type, Open_Date, Close_Date, Currency, Account_Status) VALUES (1009, 6, N'Personal', N'2024-06-08', NULL, N'PLN', N'Open');
INSERT INTO dbo.dim_accounts (Account_ID, Customer_ID, Account_Type, Open_Date, Close_Date, Currency, Account_Status) VALUES (1010, 7, N'Savings', N'2024-02-03', NULL, N'EUR', N'Open');
INSERT INTO dbo.dim_accounts (Account_ID, Customer_ID, Account_Type, Open_Date, Close_Date, Currency, Account_Status) VALUES (1011, 8, N'Business', N'2025-12-07', NULL, N'PLN', N'Open');
INSERT INTO dbo.dim_accounts (Account_ID, Customer_ID, Account_Type, Open_Date, Close_Date, Currency, Account_Status) VALUES (1012, 9, N'Personal', N'2023-10-18', N'2026-01-26', N'PLN', N'Closed');
INSERT INTO dbo.dim_accounts (Account_ID, Customer_ID, Account_Type, Open_Date, Close_Date, Currency, Account_Status) VALUES (1013, 9, N'Savings', N'2024-02-13', NULL, N'PLN', N'Open');
INSERT INTO dbo.dim_accounts (Account_ID, Customer_ID, Account_Type, Open_Date, Close_Date, Currency, Account_Status) VALUES (1014, 10, N'Savings', N'2024-12-10', NULL, N'PLN', N'Open');
INSERT INTO dbo.dim_accounts (Account_ID, Customer_ID, Account_Type, Open_Date, Close_Date, Currency, Account_Status) VALUES (1015, 10, N'Personal', N'2024-12-09', NULL, N'PLN', N'Open');
INSERT INTO dbo.dim_accounts (Account_ID, Customer_ID, Account_Type, Open_Date, Close_Date, Currency, Account_Status) VALUES (1016, 11, N'Personal', N'2024-04-07', NULL, N'PLN', N'Open');
INSERT INTO dbo.dim_accounts (Account_ID, Customer_ID, Account_Type, Open_Date, Close_Date, Currency, Account_Status) VALUES (1017, 12, N'Personal', N'2023-11-24', NULL, N'PLN', N'Open');
INSERT INTO dbo.dim_accounts (Account_ID, Customer_ID, Account_Type, Open_Date, Close_Date, Currency, Account_Status) VALUES (1018, 13, N'Personal', N'2025-12-29', NULL, N'PLN', N'Open');
INSERT INTO dbo.dim_accounts (Account_ID, Customer_ID, Account_Type, Open_Date, Close_Date, Currency, Account_Status) VALUES (1019, 14, N'Personal', N'2025-10-23', NULL, N'PLN', N'Open');
INSERT INTO dbo.dim_accounts (Account_ID, Customer_ID, Account_Type, Open_Date, Close_Date, Currency, Account_Status) VALUES (1020, 14, N'Savings', N'2025-10-30', NULL, N'PLN', N'Open');
INSERT INTO dbo.dim_accounts (Account_ID, Customer_ID, Account_Type, Open_Date, Close_Date, Currency, Account_Status) VALUES (1021, 15, N'Business', N'2023-07-10', N'2024-08-05', N'PLN', N'Closed');
INSERT INTO dbo.dim_accounts (Account_ID, Customer_ID, Account_Type, Open_Date, Close_Date, Currency, Account_Status) VALUES (1022, 16, N'Savings', N'2026-02-25', NULL, N'PLN', N'Open');
INSERT INTO dbo.dim_accounts (Account_ID, Customer_ID, Account_Type, Open_Date, Close_Date, Currency, Account_Status) VALUES (1023, 16, N'Personal', N'2022-04-25', NULL, N'PLN', N'Open');
INSERT INTO dbo.dim_accounts (Account_ID, Customer_ID, Account_Type, Open_Date, Close_Date, Currency, Account_Status) VALUES (1024, 17, N'Personal', N'2024-11-18', NULL, N'PLN', N'Open');
INSERT INTO dbo.dim_accounts (Account_ID, Customer_ID, Account_Type, Open_Date, Close_Date, Currency, Account_Status) VALUES (1025, 18, N'Personal', N'2025-08-20', NULL, N'PLN', N'Open');
INSERT INTO dbo.dim_accounts (Account_ID, Customer_ID, Account_Type, Open_Date, Close_Date, Currency, Account_Status) VALUES (1026, 19, N'Savings', N'2026-02-24', NULL, N'PLN', N'Open');
INSERT INTO dbo.dim_accounts (Account_ID, Customer_ID, Account_Type, Open_Date, Close_Date, Currency, Account_Status) VALUES (1027, 19, N'Personal', N'2026-02-25', NULL, N'PLN', N'Open');
INSERT INTO dbo.dim_accounts (Account_ID, Customer_ID, Account_Type, Open_Date, Close_Date, Currency, Account_Status) VALUES (1028, 20, N'Savings', N'2025-10-07', NULL, N'PLN', N'Open');
INSERT INTO dbo.dim_accounts (Account_ID, Customer_ID, Account_Type, Open_Date, Close_Date, Currency, Account_Status) VALUES (1029, 20, N'Savings', N'2023-04-11', NULL, N'EUR', N'Open');

-- Insert data into fact_transactions
INSERT INTO dbo.fact_transactions (Transaction_ID, Account_ID, Transaction_Date, Transaction_Type, Amount, Direction, Merchant_Category, Channel, City, Is_Fraud_Flag) VALUES (50001, 1001, N'2026-01-06', N'Card Payment', 314.73, N'Out', N'Education', N'Web', N'Poznan', 0);
INSERT INTO dbo.fact_transactions (Transaction_ID, Account_ID, Transaction_Date, Transaction_Type, Amount, Direction, Merchant_Category, Channel, City, Is_Fraud_Flag) VALUES (50002, 1001, N'2026-01-17', N'Deposit', 1186.45, N'In', N'Salary', N'Branch', N'Wroclaw', 0);
INSERT INTO dbo.fact_transactions (Transaction_ID, Account_ID, Transaction_Date, Transaction_Type, Amount, Direction, Merchant_Category, Channel, City, Is_Fraud_Flag) VALUES (50003, 1001, N'2025-09-30', N'Card Payment', 62.08, N'Out', N'Utilities', N'Mobile', N'Krakow', 0);
INSERT INTO dbo.fact_transactions (Transaction_ID, Account_ID, Transaction_Date, Transaction_Type, Amount, Direction, Merchant_Category, Channel, City, Is_Fraud_Flag) VALUES (50004, 1001, N'2025-03-05', N'ATM', 196.72, N'Out', N'Travel', N'Web', N'Gdansk', 0);
INSERT INTO dbo.fact_transactions (Transaction_ID, Account_ID, Transaction_Date, Transaction_Type, Amount, Direction, Merchant_Category, Channel, City, Is_Fraud_Flag) VALUES (50005, 1001, N'2024-12-18', N'Withdrawal', 572.45, N'Out', N'Healthcare', N'Branch', N'Wroclaw', 0);
INSERT INTO dbo.fact_transactions (Transaction_ID, Account_ID, Transaction_Date, Transaction_Type, Amount, Direction, Merchant_Category, Channel, City, Is_Fraud_Flag) VALUES (50006, 1001, N'2025-03-17', N'Card Payment', 319.05, N'Out', N'Travel', N'Mobile', N'Poznan', 0);
INSERT INTO dbo.fact_transactions (Transaction_ID, Account_ID, Transaction_Date, Transaction_Type, Amount, Direction, Merchant_Category, Channel, City, Is_Fraud_Flag) VALUES (50007, 1001, N'2025-07-31', N'Card Payment', 31.3, N'Out', N'Salary', N'Mobile', N'Lublin', 0);
INSERT INTO dbo.fact_transactions (Transaction_ID, Account_ID, Transaction_Date, Transaction_Type, Amount, Direction, Merchant_Category, Channel, City, Is_Fraud_Flag) VALUES (50008, 1001, N'2024-08-18', N'Transfer', 1007.82, N'In', N'Salary', N'Mobile', N'Gdansk', 0);
INSERT INTO dbo.fact_transactions (Transaction_ID, Account_ID, Transaction_Date, Transaction_Type, Amount, Direction, Merchant_Category, Channel, City, Is_Fraud_Flag) VALUES (50009, 1001, N'2025-05-05', N'Card Payment', 176.86, N'Out', N'Restaurants', N'Mobile', N'Gdansk', 0);
INSERT INTO dbo.fact_transactions (Transaction_ID, Account_ID, Transaction_Date, Transaction_Type, Amount, Direction, Merchant_Category, Channel, City, Is_Fraud_Flag) VALUES (50010, 1001, N'2025-09-19', N'Card Payment', 350.95, N'Out', N'Travel', N'POS', N'Gdansk', 0);
INSERT INTO dbo.fact_transactions (Transaction_ID, Account_ID, Transaction_Date, Transaction_Type, Amount, Direction, Merchant_Category, Channel, City, Is_Fraud_Flag) VALUES (50011, 1001, N'2024-09-27', N'ATM', 305.48, N'In', N'Deposit', N'Mobile', N'Gdansk', 0);
INSERT INTO dbo.fact_transactions (Transaction_ID, Account_ID, Transaction_Date, Transaction_Type, Amount, Direction, Merchant_Category, Channel, City, Is_Fraud_Flag) VALUES (50012, 1001, N'2024-10-24', N'Transfer', 551.96, N'In', N'Transfer', N'ATM', N'Wroclaw', 0);
INSERT INTO dbo.fact_transactions (Transaction_ID, Account_ID, Transaction_Date, Transaction_Type, Amount, Direction, Merchant_Category, Channel, City, Is_Fraud_Flag) VALUES (50013, 1001, N'2024-09-13', N'Transfer', 726.71, N'In', N'Transfer', N'ATM', N'Poznan', 0);
INSERT INTO dbo.fact_transactions (Transaction_ID, Account_ID, Transaction_Date, Transaction_Type, Amount, Direction, Merchant_Category, Channel, City, Is_Fraud_Flag) VALUES (50014, 1001, N'2025-05-23', N'Transfer', 4975.25, N'In', N'Salary', N'Mobile', N'Poznan', 0);
INSERT INTO dbo.fact_transactions (Transaction_ID, Account_ID, Transaction_Date, Transaction_Type, Amount, Direction, Merchant_Category, Channel, City, Is_Fraud_Flag) VALUES (50015, 1001, N'2026-01-08', N'Transfer', 2444.8, N'In', N'Deposit', N'Branch', N'Gdansk', 0);
INSERT INTO dbo.fact_transactions (Transaction_ID, Account_ID, Transaction_Date, Transaction_Type, Amount, Direction, Merchant_Category, Channel, City, Is_Fraud_Flag) VALUES (50016, 1002, N'2024-02-28', N'Card Payment', 429.9, N'Out', N'Restaurants', N'Mobile', N'Lodz', 0);
INSERT INTO dbo.fact_transactions (Transaction_ID, Account_ID, Transaction_Date, Transaction_Type, Amount, Direction, Merchant_Category, Channel, City, Is_Fraud_Flag) VALUES (50017, 1002, N'2024-02-05', N'Deposit', 2576.7, N'In', N'Transfer', N'Web', N'Warsaw', 0);
INSERT INTO dbo.fact_transactions (Transaction_ID, Account_ID, Transaction_Date, Transaction_Type, Amount, Direction, Merchant_Category, Channel, City, Is_Fraud_Flag) VALUES (50018, 1002, N'2024-02-09', N'Transfer', 2135.85, N'Out', N'E-commerce', N'Mobile', N'Lublin', 0);
INSERT INTO dbo.fact_transactions (Transaction_ID, Account_ID, Transaction_Date, Transaction_Type, Amount, Direction, Merchant_Category, Channel, City, Is_Fraud_Flag) VALUES (50019, 1002, N'2024-02-22', N'Card Payment', 172.68, N'Out', N'Travel', N'Web', N'Lodz', 0);
INSERT INTO dbo.fact_transactions (Transaction_ID, Account_ID, Transaction_Date, Transaction_Type, Amount, Direction, Merchant_Category, Channel, City, Is_Fraud_Flag) VALUES (50020, 1002, N'2024-03-01', N'Card Payment', 146.36, N'Out', N'Restaurants', N'POS', N'Lodz', 0);
INSERT INTO dbo.fact_transactions (Transaction_ID, Account_ID, Transaction_Date, Transaction_Type, Amount, Direction, Merchant_Category, Channel, City, Is_Fraud_Flag) VALUES (50021, 1002, N'2024-03-18', N'Card Payment', 400.49, N'Out', N'Utilities', N'Web', N'Warsaw', 0);
INSERT INTO dbo.fact_transactions (Transaction_ID, Account_ID, Transaction_Date, Transaction_Type, Amount, Direction, Merchant_Category, Channel, City, Is_Fraud_Flag) VALUES (50022, 1002, N'2024-02-10', N'Card Payment', 251.72, N'Out', N'Groceries', N'Mobile', N'Warsaw', 0);
INSERT INTO dbo.fact_transactions (Transaction_ID, Account_ID, Transaction_Date, Transaction_Type, Amount, Direction, Merchant_Category, Channel, City, Is_Fraud_Flag) VALUES (50023, 1002, N'2024-03-08', N'Card Payment', 359.64, N'Out', N'Salary', N'POS', N'Katowice', 0);
INSERT INTO dbo.fact_transactions (Transaction_ID, Account_ID, Transaction_Date, Transaction_Type, Amount, Direction, Merchant_Category, Channel, City, Is_Fraud_Flag) VALUES (50024, 1002, N'2024-05-06', N'Card Payment', 106.69, N'Out', N'ATM', N'Web', N'Wroclaw', 0);
INSERT INTO dbo.fact_transactions (Transaction_ID, Account_ID, Transaction_Date, Transaction_Type, Amount, Direction, Merchant_Category, Channel, City, Is_Fraud_Flag) VALUES (50025, 1003, N'2025-11-16', N'Deposit', 2583.86, N'In', N'Salary', N'POS', N'Warsaw', 0);
INSERT INTO dbo.fact_transactions (Transaction_ID, Account_ID, Transaction_Date, Transaction_Type, Amount, Direction, Merchant_Category, Channel, City, Is_Fraud_Flag) VALUES (50026, 1003, N'2025-11-18', N'ATM', 958.27, N'Out', N'Utilities', N'Mobile', N'Warsaw', 0);
INSERT INTO dbo.fact_transactions (Transaction_ID, Account_ID, Transaction_Date, Transaction_Type, Amount, Direction, Merchant_Category, Channel, City, Is_Fraud_Flag) VALUES (50027, 1003, N'2023-09-06', N'Card Payment', 80.85, N'Out', N'Education', N'Web', N'Warsaw', 0);
INSERT INTO dbo.fact_transactions (Transaction_ID, Account_ID, Transaction_Date, Transaction_Type, Amount, Direction, Merchant_Category, Channel, City, Is_Fraud_Flag) VALUES (50028, 1003, N'2025-04-28', N'Card Payment', 161.84, N'Out', N'E-commerce', N'POS', N'Lublin', 0);
INSERT INTO dbo.fact_transactions (Transaction_ID, Account_ID, Transaction_Date, Transaction_Type, Amount, Direction, Merchant_Category, Channel, City, Is_Fraud_Flag) VALUES (50029, 1003, N'2025-10-19', N'Card Payment', 540.76, N'Out', N'Fuel', N'Web', N'Krakow', 0);
INSERT INTO dbo.fact_transactions (Transaction_ID, Account_ID, Transaction_Date, Transaction_Type, Amount, Direction, Merchant_Category, Channel, City, Is_Fraud_Flag) VALUES (50030, 1003, N'2025-08-27', N'ATM', 302.28, N'Out', N'Utilities', N'Web', N'Lublin', 0);
INSERT INTO dbo.fact_transactions (Transaction_ID, Account_ID, Transaction_Date, Transaction_Type, Amount, Direction, Merchant_Category, Channel, City, Is_Fraud_Flag) VALUES (50031, 1004, N'2025-02-24', N'Card Payment', 186.65, N'Out', N'Groceries', N'Web', N'Poznan', 0);
INSERT INTO dbo.fact_transactions (Transaction_ID, Account_ID, Transaction_Date, Transaction_Type, Amount, Direction, Merchant_Category, Channel, City, Is_Fraud_Flag) VALUES (50032, 1004, N'2024-04-18', N'Transfer', 2211.91, N'Out', N'Restaurants', N'Mobile', N'Lublin', 0);
INSERT INTO dbo.fact_transactions (Transaction_ID, Account_ID, Transaction_Date, Transaction_Type, Amount, Direction, Merchant_Category, Channel, City, Is_Fraud_Flag) VALUES (50033, 1004, N'2024-04-01', N'Transfer', 2703.26, N'In', N'Transfer', N'Branch', N'Lublin', 0);
INSERT INTO dbo.fact_transactions (Transaction_ID, Account_ID, Transaction_Date, Transaction_Type, Amount, Direction, Merchant_Category, Channel, City, Is_Fraud_Flag) VALUES (50034, 1004, N'2025-05-21', N'ATM', 346.09, N'Out', N'Fuel', N'Branch', N'Warsaw', 0);
INSERT INTO dbo.fact_transactions (Transaction_ID, Account_ID, Transaction_Date, Transaction_Type, Amount, Direction, Merchant_Category, Channel, City, Is_Fraud_Flag) VALUES (50035, 1004, N'2024-11-21', N'Transfer', 1013.43, N'Out', N'Utilities', N'Web', N'Krakow', 0);
INSERT INTO dbo.fact_transactions (Transaction_ID, Account_ID, Transaction_Date, Transaction_Type, Amount, Direction, Merchant_Category, Channel, City, Is_Fraud_Flag) VALUES (50036, 1004, N'2025-09-16', N'Card Payment', 171.85, N'Out', N'Travel', N'POS', N'Gdansk', 0);
INSERT INTO dbo.fact_transactions (Transaction_ID, Account_ID, Transaction_Date, Transaction_Type, Amount, Direction, Merchant_Category, Channel, City, Is_Fraud_Flag) VALUES (50037, 1004, N'2024-05-24', N'ATM', 511.83, N'Out', N'Groceries', N'Web', N'Warsaw', 0);
INSERT INTO dbo.fact_transactions (Transaction_ID, Account_ID, Transaction_Date, Transaction_Type, Amount, Direction, Merchant_Category, Channel, City, Is_Fraud_Flag) VALUES (50038, 1004, N'2025-06-16', N'ATM', 445.37, N'Out', N'Healthcare', N'ATM', N'Krakow', 0);
INSERT INTO dbo.fact_transactions (Transaction_ID, Account_ID, Transaction_Date, Transaction_Type, Amount, Direction, Merchant_Category, Channel, City, Is_Fraud_Flag) VALUES (50039, 1004, N'2025-01-03', N'Card Payment', 506.68, N'Out', N'Fuel', N'POS', N'Warsaw', 0);
INSERT INTO dbo.fact_transactions (Transaction_ID, Account_ID, Transaction_Date, Transaction_Type, Amount, Direction, Merchant_Category, Channel, City, Is_Fraud_Flag) VALUES (50040, 1004, N'2026-02-25', N'Card Payment', 247.88, N'Out', N'ATM', N'POS', N'Lodz', 0);
INSERT INTO dbo.fact_transactions (Transaction_ID, Account_ID, Transaction_Date, Transaction_Type, Amount, Direction, Merchant_Category, Channel, City, Is_Fraud_Flag) VALUES (50041, 1004, N'2025-04-12', N'ATM', 99.04, N'Out', N'E-commerce', N'Web', N'Poznan', 0);
INSERT INTO dbo.fact_transactions (Transaction_ID, Account_ID, Transaction_Date, Transaction_Type, Amount, Direction, Merchant_Category, Channel, City, Is_Fraud_Flag) VALUES (50042, 1004, N'2024-10-28', N'Transfer', 1554.34, N'Out', N'Groceries', N'Branch', N'Poznan', 0);
INSERT INTO dbo.fact_transactions (Transaction_ID, Account_ID, Transaction_Date, Transaction_Type, Amount, Direction, Merchant_Category, Channel, City, Is_Fraud_Flag) VALUES (50043, 1004, N'2026-02-04', N'Card Payment', 258.31, N'Out', N'ATM', N'POS', N'Gdansk', 0);
INSERT INTO dbo.fact_transactions (Transaction_ID, Account_ID, Transaction_Date, Transaction_Type, Amount, Direction, Merchant_Category, Channel, City, Is_Fraud_Flag) VALUES (50044, 1005, N'2025-09-18', N'Withdrawal', 119.04, N'Out', N'Healthcare', N'ATM', N'Gdansk', 0);
INSERT INTO dbo.fact_transactions (Transaction_ID, Account_ID, Transaction_Date, Transaction_Type, Amount, Direction, Merchant_Category, Channel, City, Is_Fraud_Flag) VALUES (50045, 1005, N'2025-11-21', N'Card Payment', 398.63, N'Out', N'Healthcare', N'Web', N'Poznan', 0);
INSERT INTO dbo.fact_transactions (Transaction_ID, Account_ID, Transaction_Date, Transaction_Type, Amount, Direction, Merchant_Category, Channel, City, Is_Fraud_Flag) VALUES (50046, 1005, N'2025-11-22', N'Transfer', 838.27, N'In', N'Transfer', N'POS', N'Poznan', 0);
INSERT INTO dbo.fact_transactions (Transaction_ID, Account_ID, Transaction_Date, Transaction_Type, Amount, Direction, Merchant_Category, Channel, City, Is_Fraud_Flag) VALUES (50047, 1005, N'2025-12-30', N'Withdrawal', 280.98, N'Out', N'Restaurants', N'POS', N'Poznan', 0);
INSERT INTO dbo.fact_transactions (Transaction_ID, Account_ID, Transaction_Date, Transaction_Type, Amount, Direction, Merchant_Category, Channel, City, Is_Fraud_Flag) VALUES (50048, 1005, N'2025-11-07', N'Card Payment', 72.83, N'Out', N'Utilities', N'Mobile', N'Gdansk', 0);
INSERT INTO dbo.fact_transactions (Transaction_ID, Account_ID, Transaction_Date, Transaction_Type, Amount, Direction, Merchant_Category, Channel, City, Is_Fraud_Flag) VALUES (50049, 1005, N'2026-04-01', N'Transfer', 1507.2, N'Out', N'Salary', N'Web', N'Katowice', 0);
INSERT INTO dbo.fact_transactions (Transaction_ID, Account_ID, Transaction_Date, Transaction_Type, Amount, Direction, Merchant_Category, Channel, City, Is_Fraud_Flag) VALUES (50050, 1005, N'2025-11-14', N'Card Payment', 180.96, N'Out', N'Travel', N'POS', N'Poznan', 0);
INSERT INTO dbo.fact_transactions (Transaction_ID, Account_ID, Transaction_Date, Transaction_Type, Amount, Direction, Merchant_Category, Channel, City, Is_Fraud_Flag) VALUES (50051, 1005, N'2025-09-29', N'Card Payment', 251.86, N'Out', N'Education', N'Mobile', N'Gdansk', 0);
INSERT INTO dbo.fact_transactions (Transaction_ID, Account_ID, Transaction_Date, Transaction_Type, Amount, Direction, Merchant_Category, Channel, City, Is_Fraud_Flag) VALUES (50052, 1005, N'2025-09-11', N'Card Payment', 462.94, N'Out', N'Education', N'Web', N'Lublin', 0);
INSERT INTO dbo.fact_transactions (Transaction_ID, Account_ID, Transaction_Date, Transaction_Type, Amount, Direction, Merchant_Category, Channel, City, Is_Fraud_Flag) VALUES (50053, 1005, N'2025-09-06', N'Card Payment', 558.33, N'Out', N'Salary', N'Mobile', N'Lublin', 0);
INSERT INTO dbo.fact_transactions (Transaction_ID, Account_ID, Transaction_Date, Transaction_Type, Amount, Direction, Merchant_Category, Channel, City, Is_Fraud_Flag) VALUES (50054, 1005, N'2025-11-08', N'ATM', 973.29, N'Out', N'Fuel', N'Branch', N'Krakow', 0);
INSERT INTO dbo.fact_transactions (Transaction_ID, Account_ID, Transaction_Date, Transaction_Type, Amount, Direction, Merchant_Category, Channel, City, Is_Fraud_Flag) VALUES (50055, 1005, N'2026-01-25', N'ATM', 590.91, N'In', N'Deposit', N'ATM', N'Wroclaw', 0);
INSERT INTO dbo.fact_transactions (Transaction_ID, Account_ID, Transaction_Date, Transaction_Type, Amount, Direction, Merchant_Category, Channel, City, Is_Fraud_Flag) VALUES (50056, 1005, N'2026-02-13', N'Card Payment', 425.18, N'Out', N'Fuel', N'POS', N'Krakow', 0);
INSERT INTO dbo.fact_transactions (Transaction_ID, Account_ID, Transaction_Date, Transaction_Type, Amount, Direction, Merchant_Category, Channel, City, Is_Fraud_Flag) VALUES (50057, 1006, N'2025-11-16', N'Withdrawal', 171.31, N'Out', N'ATM', N'Mobile', N'Warsaw', 0);
INSERT INTO dbo.fact_transactions (Transaction_ID, Account_ID, Transaction_Date, Transaction_Type, Amount, Direction, Merchant_Category, Channel, City, Is_Fraud_Flag) VALUES (50058, 1006, N'2025-11-23', N'Card Payment', 576.19, N'Out', N'Utilities', N'Mobile', N'Poznan', 0);
INSERT INTO dbo.fact_transactions (Transaction_ID, Account_ID, Transaction_Date, Transaction_Type, Amount, Direction, Merchant_Category, Channel, City, Is_Fraud_Flag) VALUES (50059, 1006, N'2025-11-28', N'Card Payment', 428.7, N'Out', N'E-commerce', N'POS', N'Warsaw', 0);
INSERT INTO dbo.fact_transactions (Transaction_ID, Account_ID, Transaction_Date, Transaction_Type, Amount, Direction, Merchant_Category, Channel, City, Is_Fraud_Flag) VALUES (50060, 1006, N'2025-05-31', N'Transfer', 2369.01, N'Out', N'Travel', N'Web', N'Lublin', 0);
INSERT INTO dbo.fact_transactions (Transaction_ID, Account_ID, Transaction_Date, Transaction_Type, Amount, Direction, Merchant_Category, Channel, City, Is_Fraud_Flag) VALUES (50061, 1006, N'2025-03-10', N'ATM', 426.54, N'Out', N'Groceries', N'ATM', N'Krakow', 0);
INSERT INTO dbo.fact_transactions (Transaction_ID, Account_ID, Transaction_Date, Transaction_Type, Amount, Direction, Merchant_Category, Channel, City, Is_Fraud_Flag) VALUES (50062, 1006, N'2025-06-06', N'Transfer', 1681.39, N'Out', N'E-commerce', N'ATM', N'Krakow', 0);
INSERT INTO dbo.fact_transactions (Transaction_ID, Account_ID, Transaction_Date, Transaction_Type, Amount, Direction, Merchant_Category, Channel, City, Is_Fraud_Flag) VALUES (50063, 1006, N'2026-01-06', N'Transfer', 3493.82, N'In', N'Salary', N'Branch', N'Warsaw', 0);
INSERT INTO dbo.fact_transactions (Transaction_ID, Account_ID, Transaction_Date, Transaction_Type, Amount, Direction, Merchant_Category, Channel, City, Is_Fraud_Flag) VALUES (50064, 1006, N'2025-06-10', N'Card Payment', 260.92, N'Out', N'Groceries', N'POS', N'Katowice', 0);
INSERT INTO dbo.fact_transactions (Transaction_ID, Account_ID, Transaction_Date, Transaction_Type, Amount, Direction, Merchant_Category, Channel, City, Is_Fraud_Flag) VALUES (50065, 1006, N'2025-10-09', N'Deposit', 2984.35, N'In', N'Salary', N'ATM', N'Poznan', 0);
INSERT INTO dbo.fact_transactions (Transaction_ID, Account_ID, Transaction_Date, Transaction_Type, Amount, Direction, Merchant_Category, Channel, City, Is_Fraud_Flag) VALUES (50066, 1006, N'2025-05-26', N'Transfer', 2566.28, N'Out', N'Travel', N'ATM', N'Lublin', 0);
INSERT INTO dbo.fact_transactions (Transaction_ID, Account_ID, Transaction_Date, Transaction_Type, Amount, Direction, Merchant_Category, Channel, City, Is_Fraud_Flag) VALUES (50067, 1007, N'2025-01-05', N'Card Payment', 223.85, N'Out', N'Fuel', N'Web', N'Poznan', 0);
INSERT INTO dbo.fact_transactions (Transaction_ID, Account_ID, Transaction_Date, Transaction_Type, Amount, Direction, Merchant_Category, Channel, City, Is_Fraud_Flag) VALUES (50068, 1007, N'2025-05-24', N'Card Payment', 496.76, N'Out', N'Healthcare', N'POS', N'Warsaw', 0);
INSERT INTO dbo.fact_transactions (Transaction_ID, Account_ID, Transaction_Date, Transaction_Type, Amount, Direction, Merchant_Category, Channel, City, Is_Fraud_Flag) VALUES (50069, 1007, N'2025-11-07', N'Transfer', 1338.45, N'Out', N'Education', N'Mobile', N'Katowice', 0);
INSERT INTO dbo.fact_transactions (Transaction_ID, Account_ID, Transaction_Date, Transaction_Type, Amount, Direction, Merchant_Category, Channel, City, Is_Fraud_Flag) VALUES (50070, 1007, N'2025-03-17', N'Deposit', 354.47, N'In', N'Transfer', N'Mobile', N'Warsaw', 0);
INSERT INTO dbo.fact_transactions (Transaction_ID, Account_ID, Transaction_Date, Transaction_Type, Amount, Direction, Merchant_Category, Channel, City, Is_Fraud_Flag) VALUES (50071, 1007, N'2025-03-22', N'Card Payment', 371.26, N'Out', N'Travel', N'Mobile', N'Lodz', 0);
INSERT INTO dbo.fact_transactions (Transaction_ID, Account_ID, Transaction_Date, Transaction_Type, Amount, Direction, Merchant_Category, Channel, City, Is_Fraud_Flag) VALUES (50072, 1007, N'2026-03-16', N'Withdrawal', 452.93, N'Out', N'Travel', N'ATM', N'Gdansk', 0);
INSERT INTO dbo.fact_transactions (Transaction_ID, Account_ID, Transaction_Date, Transaction_Type, Amount, Direction, Merchant_Category, Channel, City, Is_Fraud_Flag) VALUES (50073, 1007, N'2024-11-12', N'ATM', 949.16, N'Out', N'Fuel', N'Mobile', N'Poznan', 0);
INSERT INTO dbo.fact_transactions (Transaction_ID, Account_ID, Transaction_Date, Transaction_Type, Amount, Direction, Merchant_Category, Channel, City, Is_Fraud_Flag) VALUES (50074, 1007, N'2025-01-04', N'Transfer', 953.56, N'Out', N'Healthcare', N'Branch', N'Wroclaw', 0);
INSERT INTO dbo.fact_transactions (Transaction_ID, Account_ID, Transaction_Date, Transaction_Type, Amount, Direction, Merchant_Category, Channel, City, Is_Fraud_Flag) VALUES (50075, 1008, N'2025-09-09', N'Card Payment', 195.92, N'Out', N'Restaurants', N'Web', N'Poznan', 0);
INSERT INTO dbo.fact_transactions (Transaction_ID, Account_ID, Transaction_Date, Transaction_Type, Amount, Direction, Merchant_Category, Channel, City, Is_Fraud_Flag) VALUES (50076, 1008, N'2025-11-22', N'Deposit', 3178.57, N'In', N'Salary', N'POS', N'Poznan', 0);
INSERT INTO dbo.fact_transactions (Transaction_ID, Account_ID, Transaction_Date, Transaction_Type, Amount, Direction, Merchant_Category, Channel, City, Is_Fraud_Flag) VALUES (50077, 1008, N'2025-12-25', N'ATM', 82.17, N'Out', N'Salary', N'POS', N'Lodz', 0);
INSERT INTO dbo.fact_transactions (Transaction_ID, Account_ID, Transaction_Date, Transaction_Type, Amount, Direction, Merchant_Category, Channel, City, Is_Fraud_Flag) VALUES (50078, 1008, N'2025-08-29', N'Withdrawal', 592.94, N'Out', N'E-commerce', N'POS', N'Krakow', 0);
INSERT INTO dbo.fact_transactions (Transaction_ID, Account_ID, Transaction_Date, Transaction_Type, Amount, Direction, Merchant_Category, Channel, City, Is_Fraud_Flag) VALUES (50079, 1008, N'2025-09-22', N'Card Payment', 431.67, N'Out', N'Education', N'POS', N'Poznan', 0);
INSERT INTO dbo.fact_transactions (Transaction_ID, Account_ID, Transaction_Date, Transaction_Type, Amount, Direction, Merchant_Category, Channel, City, Is_Fraud_Flag) VALUES (50080, 1008, N'2025-08-15', N'Transfer', 2979.76, N'Out', N'Fuel', N'ATM', N'Gdansk', 0);
INSERT INTO dbo.fact_transactions (Transaction_ID, Account_ID, Transaction_Date, Transaction_Type, Amount, Direction, Merchant_Category, Channel, City, Is_Fraud_Flag) VALUES (50081, 1008, N'2025-10-29', N'Transfer', 941.26, N'Out', N'Utilities', N'Web', N'Wroclaw', 0);
INSERT INTO dbo.fact_transactions (Transaction_ID, Account_ID, Transaction_Date, Transaction_Type, Amount, Direction, Merchant_Category, Channel, City, Is_Fraud_Flag) VALUES (50082, 1008, N'2025-10-30', N'Deposit', 1440.08, N'In', N'Transfer', N'Web', N'Poznan', 0);
INSERT INTO dbo.fact_transactions (Transaction_ID, Account_ID, Transaction_Date, Transaction_Type, Amount, Direction, Merchant_Category, Channel, City, Is_Fraud_Flag) VALUES (50083, 1008, N'2025-07-29', N'Transfer', 4185.96, N'In', N'Transfer', N'Mobile', N'Gdansk', 0);
INSERT INTO dbo.fact_transactions (Transaction_ID, Account_ID, Transaction_Date, Transaction_Type, Amount, Direction, Merchant_Category, Channel, City, Is_Fraud_Flag) VALUES (50084, 1008, N'2025-10-05', N'Card Payment', 584.32, N'Out', N'ATM', N'POS', N'Krakow', 0);
INSERT INTO dbo.fact_transactions (Transaction_ID, Account_ID, Transaction_Date, Transaction_Type, Amount, Direction, Merchant_Category, Channel, City, Is_Fraud_Flag) VALUES (50085, 1008, N'2025-12-15', N'Transfer', 2360.17, N'Out', N'Groceries', N'Mobile', N'Lodz', 0);
INSERT INTO dbo.fact_transactions (Transaction_ID, Account_ID, Transaction_Date, Transaction_Type, Amount, Direction, Merchant_Category, Channel, City, Is_Fraud_Flag) VALUES (50086, 1008, N'2025-09-27', N'Card Payment', 45.62, N'Out', N'E-commerce', N'POS', N'Poznan', 0);
INSERT INTO dbo.fact_transactions (Transaction_ID, Account_ID, Transaction_Date, Transaction_Type, Amount, Direction, Merchant_Category, Channel, City, Is_Fraud_Flag) VALUES (50087, 1008, N'2025-06-13', N'Deposit', 1612.88, N'In', N'Transfer', N'Mobile', N'Poznan', 0);
INSERT INTO dbo.fact_transactions (Transaction_ID, Account_ID, Transaction_Date, Transaction_Type, Amount, Direction, Merchant_Category, Channel, City, Is_Fraud_Flag) VALUES (50088, 1009, N'2025-10-28', N'Transfer', 2975.62, N'In', N'Salary', N'Web', N'Katowice', 0);
INSERT INTO dbo.fact_transactions (Transaction_ID, Account_ID, Transaction_Date, Transaction_Type, Amount, Direction, Merchant_Category, Channel, City, Is_Fraud_Flag) VALUES (50089, 1009, N'2025-03-12', N'Transfer', 1905.63, N'In', N'Transfer', N'Branch', N'Katowice', 0);
INSERT INTO dbo.fact_transactions (Transaction_ID, Account_ID, Transaction_Date, Transaction_Type, Amount, Direction, Merchant_Category, Channel, City, Is_Fraud_Flag) VALUES (50090, 1009, N'2024-06-26', N'Deposit', 1582.37, N'In', N'Transfer', N'Branch', N'Poznan', 0);
INSERT INTO dbo.fact_transactions (Transaction_ID, Account_ID, Transaction_Date, Transaction_Type, Amount, Direction, Merchant_Category, Channel, City, Is_Fraud_Flag) VALUES (50091, 1009, N'2024-06-14', N'Transfer', 3100.08, N'In', N'Transfer', N'Web', N'Wroclaw', 0);
INSERT INTO dbo.fact_transactions (Transaction_ID, Account_ID, Transaction_Date, Transaction_Type, Amount, Direction, Merchant_Category, Channel, City, Is_Fraud_Flag) VALUES (50092, 1009, N'2024-06-23', N'Card Payment', 487.75, N'Out', N'Healthcare', N'POS', N'Lodz', 0);
INSERT INTO dbo.fact_transactions (Transaction_ID, Account_ID, Transaction_Date, Transaction_Type, Amount, Direction, Merchant_Category, Channel, City, Is_Fraud_Flag) VALUES (50093, 1009, N'2025-11-06', N'Card Payment', 113.85, N'Out', N'Restaurants', N'POS', N'Krakow', 0);
INSERT INTO dbo.fact_transactions (Transaction_ID, Account_ID, Transaction_Date, Transaction_Type, Amount, Direction, Merchant_Category, Channel, City, Is_Fraud_Flag) VALUES (50094, 1010, N'2025-06-19', N'ATM', 336.53, N'Out', N'Groceries', N'Branch', N'Lodz', 0);
INSERT INTO dbo.fact_transactions (Transaction_ID, Account_ID, Transaction_Date, Transaction_Type, Amount, Direction, Merchant_Category, Channel, City, Is_Fraud_Flag) VALUES (50095, 1010, N'2024-03-28', N'Transfer', 3596.97, N'In', N'Deposit', N'Web', N'Katowice', 0);
INSERT INTO dbo.fact_transactions (Transaction_ID, Account_ID, Transaction_Date, Transaction_Type, Amount, Direction, Merchant_Category, Channel, City, Is_Fraud_Flag) VALUES (50096, 1010, N'2025-10-24', N'Deposit', 895.27, N'In', N'Salary', N'Branch', N'Wroclaw', 0);
INSERT INTO dbo.fact_transactions (Transaction_ID, Account_ID, Transaction_Date, Transaction_Type, Amount, Direction, Merchant_Category, Channel, City, Is_Fraud_Flag) VALUES (50097, 1010, N'2025-03-01', N'Card Payment', 583.0, N'Out', N'Utilities', N'POS', N'Warsaw', 0);
INSERT INTO dbo.fact_transactions (Transaction_ID, Account_ID, Transaction_Date, Transaction_Type, Amount, Direction, Merchant_Category, Channel, City, Is_Fraud_Flag) VALUES (50098, 1010, N'2025-12-17', N'Deposit', 2478.18, N'In', N'Deposit', N'ATM', N'Katowice', 0);
INSERT INTO dbo.fact_transactions (Transaction_ID, Account_ID, Transaction_Date, Transaction_Type, Amount, Direction, Merchant_Category, Channel, City, Is_Fraud_Flag) VALUES (50099, 1010, N'2024-12-14', N'Transfer', 1590.4, N'Out', N'Groceries', N'Mobile', N'Lublin', 0);
INSERT INTO dbo.fact_transactions (Transaction_ID, Account_ID, Transaction_Date, Transaction_Type, Amount, Direction, Merchant_Category, Channel, City, Is_Fraud_Flag) VALUES (50100, 1010, N'2025-05-24', N'Card Payment', 472.39, N'Out', N'Education', N'POS', N'Lublin', 0);
INSERT INTO dbo.fact_transactions (Transaction_ID, Account_ID, Transaction_Date, Transaction_Type, Amount, Direction, Merchant_Category, Channel, City, Is_Fraud_Flag) VALUES (50101, 1010, N'2025-03-18', N'Card Payment', 269.75, N'Out', N'Fuel', N'Mobile', N'Warsaw', 0);
INSERT INTO dbo.fact_transactions (Transaction_ID, Account_ID, Transaction_Date, Transaction_Type, Amount, Direction, Merchant_Category, Channel, City, Is_Fraud_Flag) VALUES (50102, 1010, N'2024-03-15', N'Transfer', 1839.04, N'Out', N'Groceries', N'POS', N'Katowice', 0);
INSERT INTO dbo.fact_transactions (Transaction_ID, Account_ID, Transaction_Date, Transaction_Type, Amount, Direction, Merchant_Category, Channel, City, Is_Fraud_Flag) VALUES (50103, 1010, N'2025-12-02', N'Withdrawal', 517.1, N'Out', N'ATM', N'Mobile', N'Poznan', 0);
INSERT INTO dbo.fact_transactions (Transaction_ID, Account_ID, Transaction_Date, Transaction_Type, Amount, Direction, Merchant_Category, Channel, City, Is_Fraud_Flag) VALUES (50104, 1010, N'2024-06-16', N'Withdrawal', 574.85, N'Out', N'Restaurants', N'Web', N'Krakow', 0);
INSERT INTO dbo.fact_transactions (Transaction_ID, Account_ID, Transaction_Date, Transaction_Type, Amount, Direction, Merchant_Category, Channel, City, Is_Fraud_Flag) VALUES (50105, 1010, N'2025-01-27', N'Transfer', 4572.78, N'In', N'Salary', N'ATM', N'Lublin', 0);
INSERT INTO dbo.fact_transactions (Transaction_ID, Account_ID, Transaction_Date, Transaction_Type, Amount, Direction, Merchant_Category, Channel, City, Is_Fraud_Flag) VALUES (50106, 1011, N'2026-02-20', N'Card Payment', 205.06, N'Out', N'Groceries', N'POS', N'Wroclaw', 0);
INSERT INTO dbo.fact_transactions (Transaction_ID, Account_ID, Transaction_Date, Transaction_Type, Amount, Direction, Merchant_Category, Channel, City, Is_Fraud_Flag) VALUES (50107, 1011, N'2026-01-27', N'Card Payment', 414.21, N'Out', N'Healthcare', N'POS', N'Gdansk', 0);
INSERT INTO dbo.fact_transactions (Transaction_ID, Account_ID, Transaction_Date, Transaction_Type, Amount, Direction, Merchant_Category, Channel, City, Is_Fraud_Flag) VALUES (50108, 1011, N'2025-12-21', N'ATM', 967.85, N'In', N'Deposit', N'POS', N'Krakow', 0);
INSERT INTO dbo.fact_transactions (Transaction_ID, Account_ID, Transaction_Date, Transaction_Type, Amount, Direction, Merchant_Category, Channel, City, Is_Fraud_Flag) VALUES (50109, 1011, N'2026-01-08', N'Withdrawal', 248.67, N'Out', N'Travel', N'ATM', N'Katowice', 0);
INSERT INTO dbo.fact_transactions (Transaction_ID, Account_ID, Transaction_Date, Transaction_Type, Amount, Direction, Merchant_Category, Channel, City, Is_Fraud_Flag) VALUES (50110, 1011, N'2026-01-23', N'Transfer', 700.97, N'Out', N'Groceries', N'ATM', N'Gdansk', 0);
INSERT INTO dbo.fact_transactions (Transaction_ID, Account_ID, Transaction_Date, Transaction_Type, Amount, Direction, Merchant_Category, Channel, City, Is_Fraud_Flag) VALUES (50111, 1011, N'2026-01-15', N'Transfer', 1163.01, N'Out', N'Groceries', N'Mobile', N'Poznan', 0);
INSERT INTO dbo.fact_transactions (Transaction_ID, Account_ID, Transaction_Date, Transaction_Type, Amount, Direction, Merchant_Category, Channel, City, Is_Fraud_Flag) VALUES (50112, 1011, N'2025-12-26', N'Card Payment', 262.26, N'Out', N'Travel', N'POS', N'Wroclaw', 0);
INSERT INTO dbo.fact_transactions (Transaction_ID, Account_ID, Transaction_Date, Transaction_Type, Amount, Direction, Merchant_Category, Channel, City, Is_Fraud_Flag) VALUES (50113, 1011, N'2026-02-07', N'Card Payment', 32.93, N'Out', N'Groceries', N'Web', N'Lodz', 0);
INSERT INTO dbo.fact_transactions (Transaction_ID, Account_ID, Transaction_Date, Transaction_Type, Amount, Direction, Merchant_Category, Channel, City, Is_Fraud_Flag) VALUES (50114, 1011, N'2026-01-14', N'Card Payment', 150.07, N'Out', N'ATM', N'Mobile', N'Wroclaw', 0);
INSERT INTO dbo.fact_transactions (Transaction_ID, Account_ID, Transaction_Date, Transaction_Type, Amount, Direction, Merchant_Category, Channel, City, Is_Fraud_Flag) VALUES (50115, 1012, N'2024-10-27', N'Transfer', 1596.15, N'In', N'Transfer', N'Mobile', N'Krakow', 0);
INSERT INTO dbo.fact_transactions (Transaction_ID, Account_ID, Transaction_Date, Transaction_Type, Amount, Direction, Merchant_Category, Channel, City, Is_Fraud_Flag) VALUES (50116, 1012, N'2025-08-01', N'Card Payment', 176.46, N'Out', N'E-commerce', N'POS', N'Warsaw', 0);
INSERT INTO dbo.fact_transactions (Transaction_ID, Account_ID, Transaction_Date, Transaction_Type, Amount, Direction, Merchant_Category, Channel, City, Is_Fraud_Flag) VALUES (50117, 1012, N'2025-08-08', N'Deposit', 2459.95, N'In', N'Transfer', N'POS', N'Lublin', 0);
INSERT INTO dbo.fact_transactions (Transaction_ID, Account_ID, Transaction_Date, Transaction_Type, Amount, Direction, Merchant_Category, Channel, City, Is_Fraud_Flag) VALUES (50118, 1012, N'2024-06-28', N'Card Payment', 55.69, N'Out', N'Groceries', N'Mobile', N'Wroclaw', 0);
INSERT INTO dbo.fact_transactions (Transaction_ID, Account_ID, Transaction_Date, Transaction_Type, Amount, Direction, Merchant_Category, Channel, City, Is_Fraud_Flag) VALUES (50119, 1012, N'2024-06-17', N'Card Payment', 80.85, N'Out', N'ATM', N'Web', N'Poznan', 0);
INSERT INTO dbo.fact_transactions (Transaction_ID, Account_ID, Transaction_Date, Transaction_Type, Amount, Direction, Merchant_Category, Channel, City, Is_Fraud_Flag) VALUES (50120, 1012, N'2024-03-11', N'Transfer', 1511.83, N'Out', N'ATM', N'Web', N'Gdansk', 0);
INSERT INTO dbo.fact_transactions (Transaction_ID, Account_ID, Transaction_Date, Transaction_Type, Amount, Direction, Merchant_Category, Channel, City, Is_Fraud_Flag) VALUES (50121, 1012, N'2023-12-22', N'Card Payment', 535.82, N'Out', N'Education', N'Web', N'Warsaw', 0);
INSERT INTO dbo.fact_transactions (Transaction_ID, Account_ID, Transaction_Date, Transaction_Type, Amount, Direction, Merchant_Category, Channel, City, Is_Fraud_Flag) VALUES (50122, 1012, N'2024-11-05', N'Deposit', 1968.01, N'In', N'Salary', N'Web', N'Krakow', 0);
INSERT INTO dbo.fact_transactions (Transaction_ID, Account_ID, Transaction_Date, Transaction_Type, Amount, Direction, Merchant_Category, Channel, City, Is_Fraud_Flag) VALUES (50123, 1012, N'2024-07-11', N'Card Payment', 214.6, N'Out', N'E-commerce', N'Web', N'Warsaw', 0);
INSERT INTO dbo.fact_transactions (Transaction_ID, Account_ID, Transaction_Date, Transaction_Type, Amount, Direction, Merchant_Category, Channel, City, Is_Fraud_Flag) VALUES (50124, 1013, N'2025-11-25', N'Transfer', 1002.01, N'Out', N'Utilities', N'Mobile', N'Warsaw', 0);
INSERT INTO dbo.fact_transactions (Transaction_ID, Account_ID, Transaction_Date, Transaction_Type, Amount, Direction, Merchant_Category, Channel, City, Is_Fraud_Flag) VALUES (50125, 1013, N'2024-08-04', N'Card Payment', 451.45, N'Out', N'Restaurants', N'Web', N'Lodz', 0);
INSERT INTO dbo.fact_transactions (Transaction_ID, Account_ID, Transaction_Date, Transaction_Type, Amount, Direction, Merchant_Category, Channel, City, Is_Fraud_Flag) VALUES (50126, 1013, N'2024-08-27', N'Deposit', 1108.84, N'In', N'Transfer', N'Branch', N'Warsaw', 0);
INSERT INTO dbo.fact_transactions (Transaction_ID, Account_ID, Transaction_Date, Transaction_Type, Amount, Direction, Merchant_Category, Channel, City, Is_Fraud_Flag) VALUES (50127, 1013, N'2024-03-11', N'Transfer', 820.68, N'Out', N'ATM', N'POS', N'Krakow', 0);
INSERT INTO dbo.fact_transactions (Transaction_ID, Account_ID, Transaction_Date, Transaction_Type, Amount, Direction, Merchant_Category, Channel, City, Is_Fraud_Flag) VALUES (50128, 1013, N'2025-09-13', N'Withdrawal', 35.6, N'Out', N'Fuel', N'POS', N'Wroclaw', 0);
INSERT INTO dbo.fact_transactions (Transaction_ID, Account_ID, Transaction_Date, Transaction_Type, Amount, Direction, Merchant_Category, Channel, City, Is_Fraud_Flag) VALUES (50129, 1013, N'2025-01-31', N'Withdrawal', 37.9, N'Out', N'Restaurants', N'Mobile', N'Krakow', 0);
INSERT INTO dbo.fact_transactions (Transaction_ID, Account_ID, Transaction_Date, Transaction_Type, Amount, Direction, Merchant_Category, Channel, City, Is_Fraud_Flag) VALUES (50130, 1013, N'2026-03-08', N'Card Payment', 461.83, N'Out', N'Utilities', N'Web', N'Krakow', 0);
INSERT INTO dbo.fact_transactions (Transaction_ID, Account_ID, Transaction_Date, Transaction_Type, Amount, Direction, Merchant_Category, Channel, City, Is_Fraud_Flag) VALUES (50131, 1013, N'2026-03-27', N'Withdrawal', 82.13, N'Out', N'Utilities', N'Web', N'Krakow', 0);
INSERT INTO dbo.fact_transactions (Transaction_ID, Account_ID, Transaction_Date, Transaction_Type, Amount, Direction, Merchant_Category, Channel, City, Is_Fraud_Flag) VALUES (50132, 1013, N'2024-03-18', N'Card Payment', 490.97, N'Out', N'Fuel', N'Web', N'Gdansk', 0);
INSERT INTO dbo.fact_transactions (Transaction_ID, Account_ID, Transaction_Date, Transaction_Type, Amount, Direction, Merchant_Category, Channel, City, Is_Fraud_Flag) VALUES (50133, 1013, N'2025-06-15', N'Card Payment', 459.27, N'Out', N'Utilities', N'Mobile', N'Lodz', 0);
INSERT INTO dbo.fact_transactions (Transaction_ID, Account_ID, Transaction_Date, Transaction_Type, Amount, Direction, Merchant_Category, Channel, City, Is_Fraud_Flag) VALUES (50134, 1014, N'2025-07-14', N'Card Payment', 559.46, N'Out', N'Groceries', N'Web', N'Lodz', 0);
INSERT INTO dbo.fact_transactions (Transaction_ID, Account_ID, Transaction_Date, Transaction_Type, Amount, Direction, Merchant_Category, Channel, City, Is_Fraud_Flag) VALUES (50135, 1014, N'2026-03-21', N'Card Payment', 312.17, N'Out', N'E-commerce', N'Web', N'Warsaw', 0);
INSERT INTO dbo.fact_transactions (Transaction_ID, Account_ID, Transaction_Date, Transaction_Type, Amount, Direction, Merchant_Category, Channel, City, Is_Fraud_Flag) VALUES (50136, 1014, N'2026-01-17', N'Transfer', 2495.84, N'Out', N'Salary', N'POS', N'Poznan', 0);
INSERT INTO dbo.fact_transactions (Transaction_ID, Account_ID, Transaction_Date, Transaction_Type, Amount, Direction, Merchant_Category, Channel, City, Is_Fraud_Flag) VALUES (50137, 1014, N'2025-12-10', N'Deposit', 3315.28, N'In', N'Transfer', N'Mobile', N'Poznan', 0);
INSERT INTO dbo.fact_transactions (Transaction_ID, Account_ID, Transaction_Date, Transaction_Type, Amount, Direction, Merchant_Category, Channel, City, Is_Fraud_Flag) VALUES (50138, 1014, N'2025-05-06', N'ATM', 516.28, N'Out', N'Education', N'Web', N'Lublin', 0);
INSERT INTO dbo.fact_transactions (Transaction_ID, Account_ID, Transaction_Date, Transaction_Type, Amount, Direction, Merchant_Category, Channel, City, Is_Fraud_Flag) VALUES (50139, 1014, N'2025-10-09', N'Card Payment', 171.13, N'Out', N'Restaurants', N'Mobile', N'Poznan', 0);
INSERT INTO dbo.fact_transactions (Transaction_ID, Account_ID, Transaction_Date, Transaction_Type, Amount, Direction, Merchant_Category, Channel, City, Is_Fraud_Flag) VALUES (50140, 1014, N'2025-12-03', N'Card Payment', 564.45, N'Out', N'Fuel', N'Mobile', N'Krakow', 0);
INSERT INTO dbo.fact_transactions (Transaction_ID, Account_ID, Transaction_Date, Transaction_Type, Amount, Direction, Merchant_Category, Channel, City, Is_Fraud_Flag) VALUES (50141, 1014, N'2025-10-27', N'Card Payment', 558.53, N'Out', N'Fuel', N'Mobile', N'Warsaw', 0);
INSERT INTO dbo.fact_transactions (Transaction_ID, Account_ID, Transaction_Date, Transaction_Type, Amount, Direction, Merchant_Category, Channel, City, Is_Fraud_Flag) VALUES (50142, 1014, N'2025-06-18', N'Card Payment', 542.71, N'Out', N'Salary', N'POS', N'Katowice', 0);
INSERT INTO dbo.fact_transactions (Transaction_ID, Account_ID, Transaction_Date, Transaction_Type, Amount, Direction, Merchant_Category, Channel, City, Is_Fraud_Flag) VALUES (50143, 1014, N'2026-03-07', N'Transfer', 3601.56, N'In', N'Deposit', N'Mobile', N'Lodz', 0);
INSERT INTO dbo.fact_transactions (Transaction_ID, Account_ID, Transaction_Date, Transaction_Type, Amount, Direction, Merchant_Category, Channel, City, Is_Fraud_Flag) VALUES (50144, 1014, N'2025-10-03', N'Card Payment', 509.0, N'Out', N'Salary', N'Web', N'Lodz', 0);
INSERT INTO dbo.fact_transactions (Transaction_ID, Account_ID, Transaction_Date, Transaction_Type, Amount, Direction, Merchant_Category, Channel, City, Is_Fraud_Flag) VALUES (50145, 1015, N'2025-08-03', N'Transfer', 1670.86, N'Out', N'Utilities', N'POS', N'Poznan', 0);
INSERT INTO dbo.fact_transactions (Transaction_ID, Account_ID, Transaction_Date, Transaction_Type, Amount, Direction, Merchant_Category, Channel, City, Is_Fraud_Flag) VALUES (50146, 1015, N'2025-04-24', N'Card Payment', 509.32, N'Out', N'Restaurants', N'Web', N'Wroclaw', 0);
INSERT INTO dbo.fact_transactions (Transaction_ID, Account_ID, Transaction_Date, Transaction_Type, Amount, Direction, Merchant_Category, Channel, City, Is_Fraud_Flag) VALUES (50147, 1015, N'2025-04-14', N'ATM', 274.4, N'Out', N'Utilities', N'ATM', N'Krakow', 0);
INSERT INTO dbo.fact_transactions (Transaction_ID, Account_ID, Transaction_Date, Transaction_Type, Amount, Direction, Merchant_Category, Channel, City, Is_Fraud_Flag) VALUES (50148, 1015, N'2025-03-03', N'Withdrawal', 242.86, N'Out', N'Restaurants', N'ATM', N'Gdansk', 0);
INSERT INTO dbo.fact_transactions (Transaction_ID, Account_ID, Transaction_Date, Transaction_Type, Amount, Direction, Merchant_Category, Channel, City, Is_Fraud_Flag) VALUES (50149, 1015, N'2025-07-19', N'Card Payment', 548.61, N'Out', N'E-commerce', N'POS', N'Katowice', 0);
INSERT INTO dbo.fact_transactions (Transaction_ID, Account_ID, Transaction_Date, Transaction_Type, Amount, Direction, Merchant_Category, Channel, City, Is_Fraud_Flag) VALUES (50150, 1015, N'2025-08-03', N'Card Payment', 478.78, N'Out', N'Utilities', N'Web', N'Gdansk', 0);
INSERT INTO dbo.fact_transactions (Transaction_ID, Account_ID, Transaction_Date, Transaction_Type, Amount, Direction, Merchant_Category, Channel, City, Is_Fraud_Flag) VALUES (50151, 1015, N'2025-08-03', N'Card Payment', 448.18, N'Out', N'Groceries', N'Web', N'Poznan', 0);
INSERT INTO dbo.fact_transactions (Transaction_ID, Account_ID, Transaction_Date, Transaction_Type, Amount, Direction, Merchant_Category, Channel, City, Is_Fraud_Flag) VALUES (50152, 1015, N'2026-03-18', N'Deposit', 2432.22, N'In', N'Salary', N'POS', N'Poznan', 0);
INSERT INTO dbo.fact_transactions (Transaction_ID, Account_ID, Transaction_Date, Transaction_Type, Amount, Direction, Merchant_Category, Channel, City, Is_Fraud_Flag) VALUES (50153, 1016, N'2024-10-09', N'Transfer', 940.4, N'In', N'Salary', N'Branch', N'Wroclaw', 0);
INSERT INTO dbo.fact_transactions (Transaction_ID, Account_ID, Transaction_Date, Transaction_Type, Amount, Direction, Merchant_Category, Channel, City, Is_Fraud_Flag) VALUES (50154, 1016, N'2024-12-19', N'Deposit', 274.7, N'In', N'Deposit', N'Web', N'Lodz', 0);
INSERT INTO dbo.fact_transactions (Transaction_ID, Account_ID, Transaction_Date, Transaction_Type, Amount, Direction, Merchant_Category, Channel, City, Is_Fraud_Flag) VALUES (50155, 1016, N'2024-04-17', N'Transfer', 1947.42, N'Out', N'Restaurants', N'Web', N'Lodz', 0);
INSERT INTO dbo.fact_transactions (Transaction_ID, Account_ID, Transaction_Date, Transaction_Type, Amount, Direction, Merchant_Category, Channel, City, Is_Fraud_Flag) VALUES (50156, 1016, N'2024-07-19', N'Deposit', 978.93, N'In', N'Deposit', N'Mobile', N'Lodz', 0);
INSERT INTO dbo.fact_transactions (Transaction_ID, Account_ID, Transaction_Date, Transaction_Type, Amount, Direction, Merchant_Category, Channel, City, Is_Fraud_Flag) VALUES (50157, 1016, N'2025-09-23', N'Card Payment', 285.01, N'Out', N'Restaurants', N'Mobile', N'Krakow', 0);
INSERT INTO dbo.fact_transactions (Transaction_ID, Account_ID, Transaction_Date, Transaction_Type, Amount, Direction, Merchant_Category, Channel, City, Is_Fraud_Flag) VALUES (50158, 1016, N'2025-12-26', N'Card Payment', 179.13, N'Out', N'Healthcare', N'POS', N'Warsaw', 0);
INSERT INTO dbo.fact_transactions (Transaction_ID, Account_ID, Transaction_Date, Transaction_Type, Amount, Direction, Merchant_Category, Channel, City, Is_Fraud_Flag) VALUES (50159, 1016, N'2024-06-22', N'Transfer', 1001.54, N'Out', N'Utilities', N'ATM', N'Katowice', 0);
INSERT INTO dbo.fact_transactions (Transaction_ID, Account_ID, Transaction_Date, Transaction_Type, Amount, Direction, Merchant_Category, Channel, City, Is_Fraud_Flag) VALUES (50160, 1016, N'2025-09-28', N'Withdrawal', 577.29, N'Out', N'Education', N'Web', N'Wroclaw', 0);
INSERT INTO dbo.fact_transactions (Transaction_ID, Account_ID, Transaction_Date, Transaction_Type, Amount, Direction, Merchant_Category, Channel, City, Is_Fraud_Flag) VALUES (50161, 1016, N'2024-08-17', N'Withdrawal', 483.07, N'Out', N'Utilities', N'Branch', N'Poznan', 0);
INSERT INTO dbo.fact_transactions (Transaction_ID, Account_ID, Transaction_Date, Transaction_Type, Amount, Direction, Merchant_Category, Channel, City, Is_Fraud_Flag) VALUES (50162, 1016, N'2024-09-03', N'Card Payment', 494.87, N'Out', N'Healthcare', N'Mobile', N'Gdansk', 0);
INSERT INTO dbo.fact_transactions (Transaction_ID, Account_ID, Transaction_Date, Transaction_Type, Amount, Direction, Merchant_Category, Channel, City, Is_Fraud_Flag) VALUES (50163, 1016, N'2025-10-20', N'Transfer', 883.54, N'Out', N'Healthcare', N'ATM', N'Katowice', 0);
INSERT INTO dbo.fact_transactions (Transaction_ID, Account_ID, Transaction_Date, Transaction_Type, Amount, Direction, Merchant_Category, Channel, City, Is_Fraud_Flag) VALUES (50164, 1016, N'2026-03-03', N'Card Payment', 438.64, N'Out', N'E-commerce', N'Mobile', N'Poznan', 0);
INSERT INTO dbo.fact_transactions (Transaction_ID, Account_ID, Transaction_Date, Transaction_Type, Amount, Direction, Merchant_Category, Channel, City, Is_Fraud_Flag) VALUES (50165, 1016, N'2026-02-06', N'Card Payment', 268.53, N'Out', N'Fuel', N'Web', N'Lodz', 0);
INSERT INTO dbo.fact_transactions (Transaction_ID, Account_ID, Transaction_Date, Transaction_Type, Amount, Direction, Merchant_Category, Channel, City, Is_Fraud_Flag) VALUES (50166, 1016, N'2024-09-10', N'Withdrawal', 53.1, N'Out', N'ATM', N'ATM', N'Wroclaw', 0);
INSERT INTO dbo.fact_transactions (Transaction_ID, Account_ID, Transaction_Date, Transaction_Type, Amount, Direction, Merchant_Category, Channel, City, Is_Fraud_Flag) VALUES (50167, 1016, N'2025-10-02', N'Deposit', 256.95, N'In', N'Salary', N'Mobile', N'Gdansk', 0);
INSERT INTO dbo.fact_transactions (Transaction_ID, Account_ID, Transaction_Date, Transaction_Type, Amount, Direction, Merchant_Category, Channel, City, Is_Fraud_Flag) VALUES (50168, 1016, N'2024-12-19', N'Transfer', 1636.66, N'Out', N'Restaurants', N'Web', N'Katowice', 0);
INSERT INTO dbo.fact_transactions (Transaction_ID, Account_ID, Transaction_Date, Transaction_Type, Amount, Direction, Merchant_Category, Channel, City, Is_Fraud_Flag) VALUES (50169, 1017, N'2024-05-13', N'Transfer', 3165.59, N'Out', N'Salary', N'ATM', N'Poznan', 0);
INSERT INTO dbo.fact_transactions (Transaction_ID, Account_ID, Transaction_Date, Transaction_Type, Amount, Direction, Merchant_Category, Channel, City, Is_Fraud_Flag) VALUES (50170, 1017, N'2025-04-13', N'ATM', 466.66, N'Out', N'Fuel', N'POS', N'Krakow', 0);
INSERT INTO dbo.fact_transactions (Transaction_ID, Account_ID, Transaction_Date, Transaction_Type, Amount, Direction, Merchant_Category, Channel, City, Is_Fraud_Flag) VALUES (50171, 1017, N'2024-08-20', N'Transfer', 1746.86, N'Out', N'Restaurants', N'Branch', N'Poznan', 0);
INSERT INTO dbo.fact_transactions (Transaction_ID, Account_ID, Transaction_Date, Transaction_Type, Amount, Direction, Merchant_Category, Channel, City, Is_Fraud_Flag) VALUES (50172, 1017, N'2025-04-17', N'Card Payment', 446.06, N'Out', N'Restaurants', N'Mobile', N'Lublin', 0);
INSERT INTO dbo.fact_transactions (Transaction_ID, Account_ID, Transaction_Date, Transaction_Type, Amount, Direction, Merchant_Category, Channel, City, Is_Fraud_Flag) VALUES (50173, 1017, N'2025-11-05', N'Transfer', 1523.98, N'Out', N'Fuel', N'Web', N'Lodz', 0);
INSERT INTO dbo.fact_transactions (Transaction_ID, Account_ID, Transaction_Date, Transaction_Type, Amount, Direction, Merchant_Category, Channel, City, Is_Fraud_Flag) VALUES (50174, 1017, N'2025-09-05', N'Transfer', 4995.44, N'In', N'Deposit', N'Branch', N'Lublin', 0);
INSERT INTO dbo.fact_transactions (Transaction_ID, Account_ID, Transaction_Date, Transaction_Type, Amount, Direction, Merchant_Category, Channel, City, Is_Fraud_Flag) VALUES (50175, 1017, N'2026-01-07', N'Deposit', 2929.1, N'In', N'Transfer', N'Mobile', N'Lodz', 0);
INSERT INTO dbo.fact_transactions (Transaction_ID, Account_ID, Transaction_Date, Transaction_Type, Amount, Direction, Merchant_Category, Channel, City, Is_Fraud_Flag) VALUES (50176, 1017, N'2024-11-07', N'Transfer', 1579.64, N'Out', N'Healthcare', N'ATM', N'Warsaw', 0);
INSERT INTO dbo.fact_transactions (Transaction_ID, Account_ID, Transaction_Date, Transaction_Type, Amount, Direction, Merchant_Category, Channel, City, Is_Fraud_Flag) VALUES (50177, 1017, N'2026-03-19', N'Card Payment', 306.36, N'Out', N'Travel', N'Web', N'Gdansk', 0);
INSERT INTO dbo.fact_transactions (Transaction_ID, Account_ID, Transaction_Date, Transaction_Type, Amount, Direction, Merchant_Category, Channel, City, Is_Fraud_Flag) VALUES (50178, 1017, N'2025-04-25', N'Card Payment', 305.47, N'Out', N'Fuel', N'Mobile', N'Poznan', 0);
INSERT INTO dbo.fact_transactions (Transaction_ID, Account_ID, Transaction_Date, Transaction_Type, Amount, Direction, Merchant_Category, Channel, City, Is_Fraud_Flag) VALUES (50179, 1017, N'2024-10-13', N'ATM', 133.2, N'In', N'Transfer', N'POS', N'Katowice', 0);
INSERT INTO dbo.fact_transactions (Transaction_ID, Account_ID, Transaction_Date, Transaction_Type, Amount, Direction, Merchant_Category, Channel, City, Is_Fraud_Flag) VALUES (50180, 1017, N'2025-06-04', N'Transfer', 4198.83, N'In', N'Deposit', N'Mobile', N'Katowice', 0);
INSERT INTO dbo.fact_transactions (Transaction_ID, Account_ID, Transaction_Date, Transaction_Type, Amount, Direction, Merchant_Category, Channel, City, Is_Fraud_Flag) VALUES (50181, 1017, N'2025-08-16', N'Card Payment', 419.69, N'Out', N'Fuel', N'POS', N'Warsaw', 0);
INSERT INTO dbo.fact_transactions (Transaction_ID, Account_ID, Transaction_Date, Transaction_Type, Amount, Direction, Merchant_Category, Channel, City, Is_Fraud_Flag) VALUES (50182, 1017, N'2025-10-07', N'Transfer', 4411.43, N'In', N'Salary', N'Mobile', N'Lodz', 0);
INSERT INTO dbo.fact_transactions (Transaction_ID, Account_ID, Transaction_Date, Transaction_Type, Amount, Direction, Merchant_Category, Channel, City, Is_Fraud_Flag) VALUES (50183, 1018, N'2026-02-06', N'Transfer', 1933.15, N'In', N'Deposit', N'POS', N'Warsaw', 0);
INSERT INTO dbo.fact_transactions (Transaction_ID, Account_ID, Transaction_Date, Transaction_Type, Amount, Direction, Merchant_Category, Channel, City, Is_Fraud_Flag) VALUES (50184, 1018, N'2026-03-02', N'Transfer', 3088.95, N'In', N'Transfer', N'Mobile', N'Warsaw', 0);
INSERT INTO dbo.fact_transactions (Transaction_ID, Account_ID, Transaction_Date, Transaction_Type, Amount, Direction, Merchant_Category, Channel, City, Is_Fraud_Flag) VALUES (50185, 1018, N'2026-03-26', N'Transfer', 1716.52, N'Out', N'Healthcare', N'POS', N'Krakow', 0);
INSERT INTO dbo.fact_transactions (Transaction_ID, Account_ID, Transaction_Date, Transaction_Type, Amount, Direction, Merchant_Category, Channel, City, Is_Fraud_Flag) VALUES (50186, 1018, N'2026-01-08', N'Transfer', 521.52, N'In', N'Salary', N'Web', N'Krakow', 0);
INSERT INTO dbo.fact_transactions (Transaction_ID, Account_ID, Transaction_Date, Transaction_Type, Amount, Direction, Merchant_Category, Channel, City, Is_Fraud_Flag) VALUES (50187, 1018, N'2026-01-14', N'Transfer', 2630.31, N'Out', N'Groceries', N'ATM', N'Wroclaw', 0);
INSERT INTO dbo.fact_transactions (Transaction_ID, Account_ID, Transaction_Date, Transaction_Type, Amount, Direction, Merchant_Category, Channel, City, Is_Fraud_Flag) VALUES (50188, 1018, N'2026-04-01', N'ATM', 523.19, N'Out', N'E-commerce', N'Mobile', N'Warsaw', 0);
INSERT INTO dbo.fact_transactions (Transaction_ID, Account_ID, Transaction_Date, Transaction_Type, Amount, Direction, Merchant_Category, Channel, City, Is_Fraud_Flag) VALUES (50189, 1018, N'2025-12-30', N'Card Payment', 418.25, N'Out', N'ATM', N'POS', N'Katowice', 0);
INSERT INTO dbo.fact_transactions (Transaction_ID, Account_ID, Transaction_Date, Transaction_Type, Amount, Direction, Merchant_Category, Channel, City, Is_Fraud_Flag) VALUES (50190, 1018, N'2026-02-06', N'Card Payment', 575.47, N'Out', N'Education', N'Web', N'Warsaw', 0);
INSERT INTO dbo.fact_transactions (Transaction_ID, Account_ID, Transaction_Date, Transaction_Type, Amount, Direction, Merchant_Category, Channel, City, Is_Fraud_Flag) VALUES (50191, 1019, N'2026-01-25', N'Withdrawal', 292.49, N'Out', N'Restaurants', N'Web', N'Krakow', 0);
INSERT INTO dbo.fact_transactions (Transaction_ID, Account_ID, Transaction_Date, Transaction_Type, Amount, Direction, Merchant_Category, Channel, City, Is_Fraud_Flag) VALUES (50192, 1019, N'2026-01-23', N'Withdrawal', 485.07, N'Out', N'Education', N'Branch', N'Lublin', 0);
INSERT INTO dbo.fact_transactions (Transaction_ID, Account_ID, Transaction_Date, Transaction_Type, Amount, Direction, Merchant_Category, Channel, City, Is_Fraud_Flag) VALUES (50193, 1019, N'2025-12-31', N'ATM', 107.61, N'Out', N'ATM', N'ATM', N'Warsaw', 0);
INSERT INTO dbo.fact_transactions (Transaction_ID, Account_ID, Transaction_Date, Transaction_Type, Amount, Direction, Merchant_Category, Channel, City, Is_Fraud_Flag) VALUES (50194, 1019, N'2025-11-30', N'Transfer', 1380.7, N'Out', N'Healthcare', N'POS', N'Poznan', 0);
INSERT INTO dbo.fact_transactions (Transaction_ID, Account_ID, Transaction_Date, Transaction_Type, Amount, Direction, Merchant_Category, Channel, City, Is_Fraud_Flag) VALUES (50195, 1019, N'2026-02-15', N'Card Payment', 172.57, N'Out', N'Healthcare', N'POS', N'Warsaw', 0);
INSERT INTO dbo.fact_transactions (Transaction_ID, Account_ID, Transaction_Date, Transaction_Type, Amount, Direction, Merchant_Category, Channel, City, Is_Fraud_Flag) VALUES (50196, 1019, N'2026-01-04', N'Deposit', 3495.38, N'In', N'Salary', N'ATM', N'Lublin', 0);
INSERT INTO dbo.fact_transactions (Transaction_ID, Account_ID, Transaction_Date, Transaction_Type, Amount, Direction, Merchant_Category, Channel, City, Is_Fraud_Flag) VALUES (50197, 1019, N'2026-01-19', N'Transfer', 2778.15, N'Out', N'Utilities', N'ATM', N'Warsaw', 0);
INSERT INTO dbo.fact_transactions (Transaction_ID, Account_ID, Transaction_Date, Transaction_Type, Amount, Direction, Merchant_Category, Channel, City, Is_Fraud_Flag) VALUES (50198, 1019, N'2026-02-01', N'Transfer', 4062.49, N'In', N'Deposit', N'Mobile', N'Lodz', 0);
INSERT INTO dbo.fact_transactions (Transaction_ID, Account_ID, Transaction_Date, Transaction_Type, Amount, Direction, Merchant_Category, Channel, City, Is_Fraud_Flag) VALUES (50199, 1019, N'2025-11-08', N'Card Payment', 540.22, N'Out', N'Salary', N'Mobile', N'Lublin', 0);
INSERT INTO dbo.fact_transactions (Transaction_ID, Account_ID, Transaction_Date, Transaction_Type, Amount, Direction, Merchant_Category, Channel, City, Is_Fraud_Flag) VALUES (50200, 1019, N'2026-03-01', N'Transfer', 3654.79, N'In', N'Deposit', N'POS', N'Lodz', 0);
INSERT INTO dbo.fact_transactions (Transaction_ID, Account_ID, Transaction_Date, Transaction_Type, Amount, Direction, Merchant_Category, Channel, City, Is_Fraud_Flag) VALUES (50201, 1019, N'2026-02-03', N'ATM', 926.49, N'Out', N'Education', N'ATM', N'Krakow', 0);
INSERT INTO dbo.fact_transactions (Transaction_ID, Account_ID, Transaction_Date, Transaction_Type, Amount, Direction, Merchant_Category, Channel, City, Is_Fraud_Flag) VALUES (50202, 1020, N'2026-02-25', N'ATM', 377.68, N'In', N'Deposit', N'Mobile', N'Krakow', 0);
INSERT INTO dbo.fact_transactions (Transaction_ID, Account_ID, Transaction_Date, Transaction_Type, Amount, Direction, Merchant_Category, Channel, City, Is_Fraud_Flag) VALUES (50203, 1020, N'2025-11-07', N'Card Payment', 347.98, N'Out', N'ATM', N'Web', N'Poznan', 0);
INSERT INTO dbo.fact_transactions (Transaction_ID, Account_ID, Transaction_Date, Transaction_Type, Amount, Direction, Merchant_Category, Channel, City, Is_Fraud_Flag) VALUES (50204, 1020, N'2026-01-04', N'Withdrawal', 76.32, N'Out', N'Education', N'POS', N'Wroclaw', 0);
INSERT INTO dbo.fact_transactions (Transaction_ID, Account_ID, Transaction_Date, Transaction_Type, Amount, Direction, Merchant_Category, Channel, City, Is_Fraud_Flag) VALUES (50205, 1020, N'2026-01-03', N'Deposit', 3979.53, N'In', N'Salary', N'Mobile', N'Warsaw', 0);
INSERT INTO dbo.fact_transactions (Transaction_ID, Account_ID, Transaction_Date, Transaction_Type, Amount, Direction, Merchant_Category, Channel, City, Is_Fraud_Flag) VALUES (50206, 1020, N'2025-11-07', N'Transfer', 3193.73, N'Out', N'Fuel', N'POS', N'Katowice', 0);
INSERT INTO dbo.fact_transactions (Transaction_ID, Account_ID, Transaction_Date, Transaction_Type, Amount, Direction, Merchant_Category, Channel, City, Is_Fraud_Flag) VALUES (50207, 1020, N'2025-11-29', N'ATM', 271.55, N'In', N'Deposit', N'POS', N'Katowice', 0);
INSERT INTO dbo.fact_transactions (Transaction_ID, Account_ID, Transaction_Date, Transaction_Type, Amount, Direction, Merchant_Category, Channel, City, Is_Fraud_Flag) VALUES (50208, 1020, N'2025-12-15', N'Transfer', 853.85, N'Out', N'Groceries', N'ATM', N'Lodz', 0);
INSERT INTO dbo.fact_transactions (Transaction_ID, Account_ID, Transaction_Date, Transaction_Type, Amount, Direction, Merchant_Category, Channel, City, Is_Fraud_Flag) VALUES (50209, 1020, N'2025-11-14', N'Deposit', 3381.43, N'In', N'Transfer', N'POS', N'Lublin', 0);
INSERT INTO dbo.fact_transactions (Transaction_ID, Account_ID, Transaction_Date, Transaction_Type, Amount, Direction, Merchant_Category, Channel, City, Is_Fraud_Flag) VALUES (50210, 1020, N'2025-11-13', N'Card Payment', 23.35, N'Out', N'Utilities', N'Web', N'Gdansk', 0);
INSERT INTO dbo.fact_transactions (Transaction_ID, Account_ID, Transaction_Date, Transaction_Type, Amount, Direction, Merchant_Category, Channel, City, Is_Fraud_Flag) VALUES (50211, 1020, N'2026-03-29', N'Transfer', 1656.55, N'In', N'Transfer', N'Branch', N'Katowice', 0);
INSERT INTO dbo.fact_transactions (Transaction_ID, Account_ID, Transaction_Date, Transaction_Type, Amount, Direction, Merchant_Category, Channel, City, Is_Fraud_Flag) VALUES (50212, 1020, N'2025-12-12', N'Transfer', 1690.85, N'Out', N'Utilities', N'Mobile', N'Wroclaw', 0);
INSERT INTO dbo.fact_transactions (Transaction_ID, Account_ID, Transaction_Date, Transaction_Type, Amount, Direction, Merchant_Category, Channel, City, Is_Fraud_Flag) VALUES (50213, 1021, N'2023-08-18', N'Withdrawal', 535.45, N'Out', N'Restaurants', N'Branch', N'Krakow', 0);
INSERT INTO dbo.fact_transactions (Transaction_ID, Account_ID, Transaction_Date, Transaction_Type, Amount, Direction, Merchant_Category, Channel, City, Is_Fraud_Flag) VALUES (50214, 1021, N'2024-01-23', N'Deposit', 1918.87, N'In', N'Transfer', N'Web', N'Lublin', 0);
INSERT INTO dbo.fact_transactions (Transaction_ID, Account_ID, Transaction_Date, Transaction_Type, Amount, Direction, Merchant_Category, Channel, City, Is_Fraud_Flag) VALUES (50215, 1021, N'2023-09-07', N'Transfer', 3711.76, N'In', N'Salary', N'Branch', N'Wroclaw', 0);
INSERT INTO dbo.fact_transactions (Transaction_ID, Account_ID, Transaction_Date, Transaction_Type, Amount, Direction, Merchant_Category, Channel, City, Is_Fraud_Flag) VALUES (50216, 1021, N'2023-11-23', N'Transfer', 1834.48, N'In', N'Transfer', N'Branch', N'Krakow', 0);
INSERT INTO dbo.fact_transactions (Transaction_ID, Account_ID, Transaction_Date, Transaction_Type, Amount, Direction, Merchant_Category, Channel, City, Is_Fraud_Flag) VALUES (50217, 1021, N'2023-12-19', N'Transfer', 3339.5, N'In', N'Deposit', N'Branch', N'Gdansk', 0);
INSERT INTO dbo.fact_transactions (Transaction_ID, Account_ID, Transaction_Date, Transaction_Type, Amount, Direction, Merchant_Category, Channel, City, Is_Fraud_Flag) VALUES (50218, 1021, N'2023-09-09', N'Card Payment', 231.28, N'Out', N'E-commerce', N'POS', N'Poznan', 0);
INSERT INTO dbo.fact_transactions (Transaction_ID, Account_ID, Transaction_Date, Transaction_Type, Amount, Direction, Merchant_Category, Channel, City, Is_Fraud_Flag) VALUES (50219, 1021, N'2023-08-28', N'Transfer', 4903.4, N'In', N'Deposit', N'Mobile', N'Lublin', 0);
INSERT INTO dbo.fact_transactions (Transaction_ID, Account_ID, Transaction_Date, Transaction_Type, Amount, Direction, Merchant_Category, Channel, City, Is_Fraud_Flag) VALUES (50220, 1021, N'2024-03-25', N'Card Payment', 21.12, N'Out', N'Salary', N'Mobile', N'Wroclaw', 0);
INSERT INTO dbo.fact_transactions (Transaction_ID, Account_ID, Transaction_Date, Transaction_Type, Amount, Direction, Merchant_Category, Channel, City, Is_Fraud_Flag) VALUES (50221, 1021, N'2024-01-10', N'Transfer', 1121.34, N'In', N'Deposit', N'Web', N'Wroclaw', 0);
INSERT INTO dbo.fact_transactions (Transaction_ID, Account_ID, Transaction_Date, Transaction_Type, Amount, Direction, Merchant_Category, Channel, City, Is_Fraud_Flag) VALUES (50222, 1022, N'2026-03-02', N'Deposit', 2977.23, N'In', N'Salary', N'Web', N'Wroclaw', 0);
INSERT INTO dbo.fact_transactions (Transaction_ID, Account_ID, Transaction_Date, Transaction_Type, Amount, Direction, Merchant_Category, Channel, City, Is_Fraud_Flag) VALUES (50223, 1022, N'2026-03-09', N'Transfer', 2336.55, N'In', N'Deposit', N'ATM', N'Lodz', 0);
INSERT INTO dbo.fact_transactions (Transaction_ID, Account_ID, Transaction_Date, Transaction_Type, Amount, Direction, Merchant_Category, Channel, City, Is_Fraud_Flag) VALUES (50224, 1022, N'2026-03-15', N'Deposit', 2073.47, N'In', N'Transfer', N'Branch', N'Wroclaw', 0);
INSERT INTO dbo.fact_transactions (Transaction_ID, Account_ID, Transaction_Date, Transaction_Type, Amount, Direction, Merchant_Category, Channel, City, Is_Fraud_Flag) VALUES (50225, 1022, N'2026-03-14', N'Card Payment', 591.71, N'Out', N'Groceries', N'POS', N'Lodz', 0);
INSERT INTO dbo.fact_transactions (Transaction_ID, Account_ID, Transaction_Date, Transaction_Type, Amount, Direction, Merchant_Category, Channel, City, Is_Fraud_Flag) VALUES (50226, 1022, N'2026-02-25', N'Card Payment', 581.87, N'Out', N'Fuel', N'POS', N'Lodz', 0);
INSERT INTO dbo.fact_transactions (Transaction_ID, Account_ID, Transaction_Date, Transaction_Type, Amount, Direction, Merchant_Category, Channel, City, Is_Fraud_Flag) VALUES (50227, 1022, N'2026-03-12', N'Deposit', 1419.72, N'In', N'Deposit', N'Mobile', N'Gdansk', 0);
INSERT INTO dbo.fact_transactions (Transaction_ID, Account_ID, Transaction_Date, Transaction_Type, Amount, Direction, Merchant_Category, Channel, City, Is_Fraud_Flag) VALUES (50228, 1022, N'2026-03-03', N'Withdrawal', 317.72, N'Out', N'Salary', N'POS', N'Wroclaw', 0);
INSERT INTO dbo.fact_transactions (Transaction_ID, Account_ID, Transaction_Date, Transaction_Type, Amount, Direction, Merchant_Category, Channel, City, Is_Fraud_Flag) VALUES (50229, 1022, N'2026-02-26', N'Card Payment', 379.07, N'Out', N'Restaurants', N'POS', N'Gdansk', 0);
INSERT INTO dbo.fact_transactions (Transaction_ID, Account_ID, Transaction_Date, Transaction_Type, Amount, Direction, Merchant_Category, Channel, City, Is_Fraud_Flag) VALUES (50230, 1022, N'2026-03-13', N'Transfer', 3824.37, N'In', N'Salary', N'POS', N'Lublin', 0);
INSERT INTO dbo.fact_transactions (Transaction_ID, Account_ID, Transaction_Date, Transaction_Type, Amount, Direction, Merchant_Category, Channel, City, Is_Fraud_Flag) VALUES (50231, 1023, N'2023-08-26', N'ATM', 731.24, N'In', N'Transfer', N'Mobile', N'Lublin', 0);
INSERT INTO dbo.fact_transactions (Transaction_ID, Account_ID, Transaction_Date, Transaction_Type, Amount, Direction, Merchant_Category, Channel, City, Is_Fraud_Flag) VALUES (50232, 1023, N'2025-01-29', N'Transfer', 4479.97, N'In', N'Deposit', N'Web', N'Poznan', 0);
INSERT INTO dbo.fact_transactions (Transaction_ID, Account_ID, Transaction_Date, Transaction_Type, Amount, Direction, Merchant_Category, Channel, City, Is_Fraud_Flag) VALUES (50233, 1023, N'2023-02-20', N'ATM', 950.78, N'Out', N'Groceries', N'Branch', N'Katowice', 0);
INSERT INTO dbo.fact_transactions (Transaction_ID, Account_ID, Transaction_Date, Transaction_Type, Amount, Direction, Merchant_Category, Channel, City, Is_Fraud_Flag) VALUES (50234, 1023, N'2025-08-29', N'Deposit', 1703.41, N'In', N'Transfer', N'ATM', N'Katowice', 0);
INSERT INTO dbo.fact_transactions (Transaction_ID, Account_ID, Transaction_Date, Transaction_Type, Amount, Direction, Merchant_Category, Channel, City, Is_Fraud_Flag) VALUES (50235, 1023, N'2023-08-30', N'Deposit', 3403.5, N'In', N'Transfer', N'Branch', N'Warsaw', 0);
INSERT INTO dbo.fact_transactions (Transaction_ID, Account_ID, Transaction_Date, Transaction_Type, Amount, Direction, Merchant_Category, Channel, City, Is_Fraud_Flag) VALUES (50236, 1023, N'2024-02-19', N'Transfer', 1535.26, N'Out', N'Groceries', N'ATM', N'Krakow', 0);
INSERT INTO dbo.fact_transactions (Transaction_ID, Account_ID, Transaction_Date, Transaction_Type, Amount, Direction, Merchant_Category, Channel, City, Is_Fraud_Flag) VALUES (50237, 1023, N'2025-04-16', N'Card Payment', 136.46, N'Out', N'Groceries', N'POS', N'Wroclaw', 0);
INSERT INTO dbo.fact_transactions (Transaction_ID, Account_ID, Transaction_Date, Transaction_Type, Amount, Direction, Merchant_Category, Channel, City, Is_Fraud_Flag) VALUES (50238, 1023, N'2024-09-02', N'Withdrawal', 563.42, N'Out', N'Groceries', N'Mobile', N'Warsaw', 0);
INSERT INTO dbo.fact_transactions (Transaction_ID, Account_ID, Transaction_Date, Transaction_Type, Amount, Direction, Merchant_Category, Channel, City, Is_Fraud_Flag) VALUES (50239, 1023, N'2025-11-28', N'Transfer', 2841.52, N'Out', N'Groceries', N'POS', N'Krakow', 0);
INSERT INTO dbo.fact_transactions (Transaction_ID, Account_ID, Transaction_Date, Transaction_Type, Amount, Direction, Merchant_Category, Channel, City, Is_Fraud_Flag) VALUES (50240, 1023, N'2023-09-20', N'Card Payment', 157.26, N'Out', N'Groceries', N'Mobile', N'Krakow', 0);
INSERT INTO dbo.fact_transactions (Transaction_ID, Account_ID, Transaction_Date, Transaction_Type, Amount, Direction, Merchant_Category, Channel, City, Is_Fraud_Flag) VALUES (50241, 1023, N'2024-01-10', N'Card Payment', 55.0, N'Out', N'Salary', N'Mobile', N'Krakow', 0);
INSERT INTO dbo.fact_transactions (Transaction_ID, Account_ID, Transaction_Date, Transaction_Type, Amount, Direction, Merchant_Category, Channel, City, Is_Fraud_Flag) VALUES (50242, 1023, N'2024-12-05', N'Transfer', 3109.65, N'Out', N'Healthcare', N'POS', N'Gdansk', 0);
INSERT INTO dbo.fact_transactions (Transaction_ID, Account_ID, Transaction_Date, Transaction_Type, Amount, Direction, Merchant_Category, Channel, City, Is_Fraud_Flag) VALUES (50243, 1023, N'2023-11-07', N'Card Payment', 336.86, N'Out', N'Education', N'Web', N'Poznan', 0);
INSERT INTO dbo.fact_transactions (Transaction_ID, Account_ID, Transaction_Date, Transaction_Type, Amount, Direction, Merchant_Category, Channel, City, Is_Fraud_Flag) VALUES (50244, 1023, N'2025-12-16', N'Transfer', 1866.66, N'In', N'Transfer', N'ATM', N'Warsaw', 0);
INSERT INTO dbo.fact_transactions (Transaction_ID, Account_ID, Transaction_Date, Transaction_Type, Amount, Direction, Merchant_Category, Channel, City, Is_Fraud_Flag) VALUES (50245, 1024, N'2025-05-07', N'Card Payment', 242.24, N'Out', N'ATM', N'Mobile', N'Warsaw', 0);
INSERT INTO dbo.fact_transactions (Transaction_ID, Account_ID, Transaction_Date, Transaction_Type, Amount, Direction, Merchant_Category, Channel, City, Is_Fraud_Flag) VALUES (50246, 1024, N'2026-03-06', N'Card Payment', 158.35, N'Out', N'Salary', N'Mobile', N'Lublin', 0);
INSERT INTO dbo.fact_transactions (Transaction_ID, Account_ID, Transaction_Date, Transaction_Type, Amount, Direction, Merchant_Category, Channel, City, Is_Fraud_Flag) VALUES (50247, 1024, N'2025-04-05', N'Card Payment', 191.39, N'Out', N'Groceries', N'POS', N'Krakow', 0);
INSERT INTO dbo.fact_transactions (Transaction_ID, Account_ID, Transaction_Date, Transaction_Type, Amount, Direction, Merchant_Category, Channel, City, Is_Fraud_Flag) VALUES (50248, 1024, N'2025-09-24', N'Deposit', 435.66, N'In', N'Transfer', N'ATM', N'Krakow', 0);
INSERT INTO dbo.fact_transactions (Transaction_ID, Account_ID, Transaction_Date, Transaction_Type, Amount, Direction, Merchant_Category, Channel, City, Is_Fraud_Flag) VALUES (50249, 1024, N'2025-08-11', N'Card Payment', 448.41, N'Out', N'Restaurants', N'Mobile', N'Lodz', 0);
INSERT INTO dbo.fact_transactions (Transaction_ID, Account_ID, Transaction_Date, Transaction_Type, Amount, Direction, Merchant_Category, Channel, City, Is_Fraud_Flag) VALUES (50250, 1024, N'2025-10-26', N'Card Payment', 377.45, N'Out', N'E-commerce', N'Web', N'Krakow', 0);
INSERT INTO dbo.fact_transactions (Transaction_ID, Account_ID, Transaction_Date, Transaction_Type, Amount, Direction, Merchant_Category, Channel, City, Is_Fraud_Flag) VALUES (50251, 1024, N'2025-12-01', N'Deposit', 3983.28, N'In', N'Deposit', N'Web', N'Katowice', 0);
INSERT INTO dbo.fact_transactions (Transaction_ID, Account_ID, Transaction_Date, Transaction_Type, Amount, Direction, Merchant_Category, Channel, City, Is_Fraud_Flag) VALUES (50252, 1024, N'2026-02-06', N'Card Payment', 338.97, N'Out', N'Fuel', N'Mobile', N'Katowice', 0);
INSERT INTO dbo.fact_transactions (Transaction_ID, Account_ID, Transaction_Date, Transaction_Type, Amount, Direction, Merchant_Category, Channel, City, Is_Fraud_Flag) VALUES (50253, 1024, N'2026-03-25', N'Withdrawal', 512.97, N'Out', N'E-commerce', N'POS', N'Krakow', 0);
INSERT INTO dbo.fact_transactions (Transaction_ID, Account_ID, Transaction_Date, Transaction_Type, Amount, Direction, Merchant_Category, Channel, City, Is_Fraud_Flag) VALUES (50254, 1025, N'2026-03-26', N'Transfer', 1428.33, N'Out', N'Salary', N'POS', N'Katowice', 0);
INSERT INTO dbo.fact_transactions (Transaction_ID, Account_ID, Transaction_Date, Transaction_Type, Amount, Direction, Merchant_Category, Channel, City, Is_Fraud_Flag) VALUES (50255, 1025, N'2026-02-01', N'Card Payment', 512.75, N'Out', N'Education', N'Mobile', N'Lublin', 0);
INSERT INTO dbo.fact_transactions (Transaction_ID, Account_ID, Transaction_Date, Transaction_Type, Amount, Direction, Merchant_Category, Channel, City, Is_Fraud_Flag) VALUES (50256, 1025, N'2025-11-04', N'Card Payment', 104.09, N'Out', N'ATM', N'Mobile', N'Poznan', 0);
INSERT INTO dbo.fact_transactions (Transaction_ID, Account_ID, Transaction_Date, Transaction_Type, Amount, Direction, Merchant_Category, Channel, City, Is_Fraud_Flag) VALUES (50257, 1025, N'2025-09-11', N'Deposit', 3882.01, N'In', N'Salary', N'ATM', N'Poznan', 0);
INSERT INTO dbo.fact_transactions (Transaction_ID, Account_ID, Transaction_Date, Transaction_Type, Amount, Direction, Merchant_Category, Channel, City, Is_Fraud_Flag) VALUES (50258, 1025, N'2025-12-07', N'Deposit', 297.19, N'In', N'Deposit', N'Branch', N'Gdansk', 0);
INSERT INTO dbo.fact_transactions (Transaction_ID, Account_ID, Transaction_Date, Transaction_Type, Amount, Direction, Merchant_Category, Channel, City, Is_Fraud_Flag) VALUES (50259, 1025, N'2026-01-04', N'ATM', 541.58, N'Out', N'Salary', N'Branch', N'Katowice', 0);
INSERT INTO dbo.fact_transactions (Transaction_ID, Account_ID, Transaction_Date, Transaction_Type, Amount, Direction, Merchant_Category, Channel, City, Is_Fraud_Flag) VALUES (50260, 1025, N'2025-12-16', N'Card Payment', 223.64, N'Out', N'Groceries', N'Web', N'Krakow', 0);
INSERT INTO dbo.fact_transactions (Transaction_ID, Account_ID, Transaction_Date, Transaction_Type, Amount, Direction, Merchant_Category, Channel, City, Is_Fraud_Flag) VALUES (50261, 1025, N'2026-01-01', N'Card Payment', 310.53, N'Out', N'Salary', N'Web', N'Wroclaw', 0);
INSERT INTO dbo.fact_transactions (Transaction_ID, Account_ID, Transaction_Date, Transaction_Type, Amount, Direction, Merchant_Category, Channel, City, Is_Fraud_Flag) VALUES (50262, 1025, N'2025-10-07', N'Withdrawal', 275.29, N'Out', N'ATM', N'POS', N'Lodz', 0);
INSERT INTO dbo.fact_transactions (Transaction_ID, Account_ID, Transaction_Date, Transaction_Type, Amount, Direction, Merchant_Category, Channel, City, Is_Fraud_Flag) VALUES (50263, 1025, N'2026-02-13', N'Transfer', 4902.92, N'In', N'Deposit', N'Web', N'Krakow', 0);
INSERT INTO dbo.fact_transactions (Transaction_ID, Account_ID, Transaction_Date, Transaction_Type, Amount, Direction, Merchant_Category, Channel, City, Is_Fraud_Flag) VALUES (50264, 1025, N'2026-02-03', N'Deposit', 3318.11, N'In', N'Transfer', N'Web', N'Gdansk', 0);
INSERT INTO dbo.fact_transactions (Transaction_ID, Account_ID, Transaction_Date, Transaction_Type, Amount, Direction, Merchant_Category, Channel, City, Is_Fraud_Flag) VALUES (50265, 1025, N'2026-03-16', N'Transfer', 3335.44, N'In', N'Salary', N'ATM', N'Warsaw', 0);
INSERT INTO dbo.fact_transactions (Transaction_ID, Account_ID, Transaction_Date, Transaction_Type, Amount, Direction, Merchant_Category, Channel, City, Is_Fraud_Flag) VALUES (50266, 1026, N'2026-02-24', N'ATM', 53.72, N'Out', N'E-commerce', N'Branch', N'Krakow', 0);
INSERT INTO dbo.fact_transactions (Transaction_ID, Account_ID, Transaction_Date, Transaction_Type, Amount, Direction, Merchant_Category, Channel, City, Is_Fraud_Flag) VALUES (50267, 1026, N'2026-02-24', N'ATM', 575.59, N'In', N'Deposit', N'POS', N'Wroclaw', 0);
INSERT INTO dbo.fact_transactions (Transaction_ID, Account_ID, Transaction_Date, Transaction_Type, Amount, Direction, Merchant_Category, Channel, City, Is_Fraud_Flag) VALUES (50268, 1026, N'2026-04-01', N'Card Payment', 104.31, N'Out', N'Salary', N'Web', N'Krakow', 0);
INSERT INTO dbo.fact_transactions (Transaction_ID, Account_ID, Transaction_Date, Transaction_Type, Amount, Direction, Merchant_Category, Channel, City, Is_Fraud_Flag) VALUES (50269, 1026, N'2026-02-25', N'Card Payment', 323.05, N'Out', N'Education', N'Web', N'Katowice', 0);
INSERT INTO dbo.fact_transactions (Transaction_ID, Account_ID, Transaction_Date, Transaction_Type, Amount, Direction, Merchant_Category, Channel, City, Is_Fraud_Flag) VALUES (50270, 1026, N'2026-02-27', N'Transfer', 910.09, N'Out', N'E-commerce', N'Web', N'Warsaw', 0);
INSERT INTO dbo.fact_transactions (Transaction_ID, Account_ID, Transaction_Date, Transaction_Type, Amount, Direction, Merchant_Category, Channel, City, Is_Fraud_Flag) VALUES (50271, 1026, N'2026-03-13', N'Transfer', 751.62, N'Out', N'ATM', N'Branch', N'Warsaw', 0);
INSERT INTO dbo.fact_transactions (Transaction_ID, Account_ID, Transaction_Date, Transaction_Type, Amount, Direction, Merchant_Category, Channel, City, Is_Fraud_Flag) VALUES (50272, 1026, N'2026-02-27', N'Card Payment', 463.15, N'Out', N'Groceries', N'Mobile', N'Warsaw', 0);
INSERT INTO dbo.fact_transactions (Transaction_ID, Account_ID, Transaction_Date, Transaction_Type, Amount, Direction, Merchant_Category, Channel, City, Is_Fraud_Flag) VALUES (50273, 1026, N'2026-03-11', N'Card Payment', 559.88, N'Out', N'Restaurants', N'Mobile', N'Warsaw', 0);
INSERT INTO dbo.fact_transactions (Transaction_ID, Account_ID, Transaction_Date, Transaction_Type, Amount, Direction, Merchant_Category, Channel, City, Is_Fraud_Flag) VALUES (50274, 1026, N'2026-03-25', N'Card Payment', 576.82, N'Out', N'Education', N'POS', N'Poznan', 0);
INSERT INTO dbo.fact_transactions (Transaction_ID, Account_ID, Transaction_Date, Transaction_Type, Amount, Direction, Merchant_Category, Channel, City, Is_Fraud_Flag) VALUES (50275, 1026, N'2026-03-20', N'ATM', 428.67, N'Out', N'Education', N'Mobile', N'Poznan', 0);
INSERT INTO dbo.fact_transactions (Transaction_ID, Account_ID, Transaction_Date, Transaction_Type, Amount, Direction, Merchant_Category, Channel, City, Is_Fraud_Flag) VALUES (50276, 1026, N'2026-03-01', N'Card Payment', 128.2, N'Out', N'E-commerce', N'Mobile', N'Lodz', 0);
INSERT INTO dbo.fact_transactions (Transaction_ID, Account_ID, Transaction_Date, Transaction_Type, Amount, Direction, Merchant_Category, Channel, City, Is_Fraud_Flag) VALUES (50277, 1026, N'2026-03-03', N'Card Payment', 214.81, N'Out', N'Fuel', N'POS', N'Katowice', 0);
INSERT INTO dbo.fact_transactions (Transaction_ID, Account_ID, Transaction_Date, Transaction_Type, Amount, Direction, Merchant_Category, Channel, City, Is_Fraud_Flag) VALUES (50278, 1027, N'2026-04-01', N'Card Payment', 184.48, N'Out', N'Utilities', N'Mobile', N'Warsaw', 0);
INSERT INTO dbo.fact_transactions (Transaction_ID, Account_ID, Transaction_Date, Transaction_Type, Amount, Direction, Merchant_Category, Channel, City, Is_Fraud_Flag) VALUES (50279, 1027, N'2026-03-14', N'Transfer', 916.84, N'In', N'Deposit', N'Web', N'Lublin', 0);
INSERT INTO dbo.fact_transactions (Transaction_ID, Account_ID, Transaction_Date, Transaction_Type, Amount, Direction, Merchant_Category, Channel, City, Is_Fraud_Flag) VALUES (50280, 1027, N'2026-03-26', N'Deposit', 805.04, N'In', N'Salary', N'Branch', N'Katowice', 0);
INSERT INTO dbo.fact_transactions (Transaction_ID, Account_ID, Transaction_Date, Transaction_Type, Amount, Direction, Merchant_Category, Channel, City, Is_Fraud_Flag) VALUES (50281, 1027, N'2026-03-10', N'Card Payment', 138.58, N'Out', N'Education', N'Web', N'Wroclaw', 0);
INSERT INTO dbo.fact_transactions (Transaction_ID, Account_ID, Transaction_Date, Transaction_Type, Amount, Direction, Merchant_Category, Channel, City, Is_Fraud_Flag) VALUES (50282, 1027, N'2026-03-13', N'Transfer', 1474.11, N'Out', N'Salary', N'Web', N'Wroclaw', 0);
INSERT INTO dbo.fact_transactions (Transaction_ID, Account_ID, Transaction_Date, Transaction_Type, Amount, Direction, Merchant_Category, Channel, City, Is_Fraud_Flag) VALUES (50283, 1027, N'2026-03-04', N'ATM', 749.14, N'In', N'Salary', N'POS', N'Wroclaw', 0);
INSERT INTO dbo.fact_transactions (Transaction_ID, Account_ID, Transaction_Date, Transaction_Type, Amount, Direction, Merchant_Category, Channel, City, Is_Fraud_Flag) VALUES (50284, 1027, N'2026-03-16', N'Card Payment', 422.9, N'Out', N'Utilities', N'Mobile', N'Poznan', 0);
INSERT INTO dbo.fact_transactions (Transaction_ID, Account_ID, Transaction_Date, Transaction_Type, Amount, Direction, Merchant_Category, Channel, City, Is_Fraud_Flag) VALUES (50285, 1027, N'2026-03-03', N'Card Payment', 487.0, N'Out', N'E-commerce', N'POS', N'Krakow', 0);
INSERT INTO dbo.fact_transactions (Transaction_ID, Account_ID, Transaction_Date, Transaction_Type, Amount, Direction, Merchant_Category, Channel, City, Is_Fraud_Flag) VALUES (50286, 1027, N'2026-03-16', N'Card Payment', 493.76, N'Out', N'Healthcare', N'Mobile', N'Lodz', 0);
INSERT INTO dbo.fact_transactions (Transaction_ID, Account_ID, Transaction_Date, Transaction_Type, Amount, Direction, Merchant_Category, Channel, City, Is_Fraud_Flag) VALUES (50287, 1027, N'2026-03-22', N'Deposit', 2586.53, N'In', N'Transfer', N'Web', N'Warsaw', 0);
INSERT INTO dbo.fact_transactions (Transaction_ID, Account_ID, Transaction_Date, Transaction_Type, Amount, Direction, Merchant_Category, Channel, City, Is_Fraud_Flag) VALUES (50288, 1027, N'2026-03-20', N'ATM', 441.94, N'Out', N'Education', N'Web', N'Katowice', 0);
INSERT INTO dbo.fact_transactions (Transaction_ID, Account_ID, Transaction_Date, Transaction_Type, Amount, Direction, Merchant_Category, Channel, City, Is_Fraud_Flag) VALUES (50289, 1028, N'2026-03-16', N'Card Payment', 177.12, N'Out', N'ATM', N'Web', N'Poznan', 0);
INSERT INTO dbo.fact_transactions (Transaction_ID, Account_ID, Transaction_Date, Transaction_Type, Amount, Direction, Merchant_Category, Channel, City, Is_Fraud_Flag) VALUES (50290, 1028, N'2026-03-29', N'Card Payment', 113.97, N'Out', N'Utilities', N'Mobile', N'Wroclaw', 0);
INSERT INTO dbo.fact_transactions (Transaction_ID, Account_ID, Transaction_Date, Transaction_Type, Amount, Direction, Merchant_Category, Channel, City, Is_Fraud_Flag) VALUES (50291, 1028, N'2026-01-12', N'ATM', 944.48, N'Out', N'ATM', N'Web', N'Lublin', 0);
INSERT INTO dbo.fact_transactions (Transaction_ID, Account_ID, Transaction_Date, Transaction_Type, Amount, Direction, Merchant_Category, Channel, City, Is_Fraud_Flag) VALUES (50292, 1028, N'2026-02-17', N'Card Payment', 416.91, N'Out', N'Travel', N'POS', N'Krakow', 0);
INSERT INTO dbo.fact_transactions (Transaction_ID, Account_ID, Transaction_Date, Transaction_Type, Amount, Direction, Merchant_Category, Channel, City, Is_Fraud_Flag) VALUES (50293, 1028, N'2026-03-23', N'Card Payment', 515.41, N'Out', N'ATM', N'Web', N'Warsaw', 0);
INSERT INTO dbo.fact_transactions (Transaction_ID, Account_ID, Transaction_Date, Transaction_Type, Amount, Direction, Merchant_Category, Channel, City, Is_Fraud_Flag) VALUES (50294, 1028, N'2025-12-08', N'ATM', 788.26, N'In', N'Deposit', N'Mobile', N'Katowice', 0);
INSERT INTO dbo.fact_transactions (Transaction_ID, Account_ID, Transaction_Date, Transaction_Type, Amount, Direction, Merchant_Category, Channel, City, Is_Fraud_Flag) VALUES (50295, 1028, N'2026-01-15', N'Withdrawal', 148.06, N'Out', N'Salary', N'Mobile', N'Lodz', 0);
INSERT INTO dbo.fact_transactions (Transaction_ID, Account_ID, Transaction_Date, Transaction_Type, Amount, Direction, Merchant_Category, Channel, City, Is_Fraud_Flag) VALUES (50296, 1028, N'2026-01-23', N'Transfer', 2952.22, N'Out', N'Education', N'POS', N'Warsaw', 0);
INSERT INTO dbo.fact_transactions (Transaction_ID, Account_ID, Transaction_Date, Transaction_Type, Amount, Direction, Merchant_Category, Channel, City, Is_Fraud_Flag) VALUES (50297, 1028, N'2026-03-29', N'ATM', 931.72, N'Out', N'Restaurants', N'Branch', N'Poznan', 0);
INSERT INTO dbo.fact_transactions (Transaction_ID, Account_ID, Transaction_Date, Transaction_Type, Amount, Direction, Merchant_Category, Channel, City, Is_Fraud_Flag) VALUES (50298, 1028, N'2025-10-18', N'Withdrawal', 344.29, N'Out', N'Restaurants', N'POS', N'Wroclaw', 0);
INSERT INTO dbo.fact_transactions (Transaction_ID, Account_ID, Transaction_Date, Transaction_Type, Amount, Direction, Merchant_Category, Channel, City, Is_Fraud_Flag) VALUES (50299, 1028, N'2026-03-19', N'Card Payment', 578.89, N'Out', N'Restaurants', N'Mobile', N'Lodz', 0);
INSERT INTO dbo.fact_transactions (Transaction_ID, Account_ID, Transaction_Date, Transaction_Type, Amount, Direction, Merchant_Category, Channel, City, Is_Fraud_Flag) VALUES (50300, 1029, N'2023-10-17', N'Card Payment', 99.2, N'Out', N'Education', N'Web', N'Lublin', 0);
INSERT INTO dbo.fact_transactions (Transaction_ID, Account_ID, Transaction_Date, Transaction_Type, Amount, Direction, Merchant_Category, Channel, City, Is_Fraud_Flag) VALUES (50301, 1029, N'2024-08-10', N'ATM', 176.45, N'In', N'Deposit', N'ATM', N'Wroclaw', 0);
INSERT INTO dbo.fact_transactions (Transaction_ID, Account_ID, Transaction_Date, Transaction_Type, Amount, Direction, Merchant_Category, Channel, City, Is_Fraud_Flag) VALUES (50302, 1029, N'2024-01-26', N'Transfer', 1543.76, N'Out', N'Restaurants', N'Web', N'Lublin', 0);
INSERT INTO dbo.fact_transactions (Transaction_ID, Account_ID, Transaction_Date, Transaction_Type, Amount, Direction, Merchant_Category, Channel, City, Is_Fraud_Flag) VALUES (50303, 1029, N'2025-07-20', N'Deposit', 1299.49, N'In', N'Transfer', N'Web', N'Warsaw', 0);
INSERT INTO dbo.fact_transactions (Transaction_ID, Account_ID, Transaction_Date, Transaction_Type, Amount, Direction, Merchant_Category, Channel, City, Is_Fraud_Flag) VALUES (50304, 1029, N'2023-08-12', N'Deposit', 620.26, N'In', N'Transfer', N'Mobile', N'Wroclaw', 0);
INSERT INTO dbo.fact_transactions (Transaction_ID, Account_ID, Transaction_Date, Transaction_Type, Amount, Direction, Merchant_Category, Channel, City, Is_Fraud_Flag) VALUES (50305, 1029, N'2025-02-03', N'Transfer', 705.11, N'In', N'Transfer', N'Mobile', N'Lodz', 0);
INSERT INTO dbo.fact_transactions (Transaction_ID, Account_ID, Transaction_Date, Transaction_Type, Amount, Direction, Merchant_Category, Channel, City, Is_Fraud_Flag) VALUES (50306, 1029, N'2024-10-03', N'Card Payment', 271.86, N'Out', N'Utilities', N'Web', N'Lodz', 0);
INSERT INTO dbo.fact_transactions (Transaction_ID, Account_ID, Transaction_Date, Transaction_Type, Amount, Direction, Merchant_Category, Channel, City, Is_Fraud_Flag) VALUES (50307, 1029, N'2023-04-28', N'Card Payment', 185.86, N'Out', N'ATM', N'Web', N'Gdansk', 0);
INSERT INTO dbo.fact_transactions (Transaction_ID, Account_ID, Transaction_Date, Transaction_Type, Amount, Direction, Merchant_Category, Channel, City, Is_Fraud_Flag) VALUES (50308, 1029, N'2024-08-26', N'Card Payment', 34.67, N'Out', N'Healthcare', N'POS', N'Gdansk', 0);
INSERT INTO dbo.fact_transactions (Transaction_ID, Account_ID, Transaction_Date, Transaction_Type, Amount, Direction, Merchant_Category, Channel, City, Is_Fraud_Flag) VALUES (50309, 1029, N'2025-05-03', N'Card Payment', 510.52, N'Out', N'Restaurants', N'POS', N'Gdansk', 0);
INSERT INTO dbo.fact_transactions (Transaction_ID, Account_ID, Transaction_Date, Transaction_Type, Amount, Direction, Merchant_Category, Channel, City, Is_Fraud_Flag) VALUES (50310, 1029, N'2025-02-08', N'Card Payment', 226.62, N'Out', N'Utilities', N'Mobile', N'Wroclaw', 0);
INSERT INTO dbo.fact_transactions (Transaction_ID, Account_ID, Transaction_Date, Transaction_Type, Amount, Direction, Merchant_Category, Channel, City, Is_Fraud_Flag) VALUES (50311, 1029, N'2025-05-06', N'Deposit', 419.34, N'In', N'Deposit', N'Branch', N'Warsaw', 0);
INSERT INTO dbo.fact_transactions (Transaction_ID, Account_ID, Transaction_Date, Transaction_Type, Amount, Direction, Merchant_Category, Channel, City, Is_Fraud_Flag) VALUES (50312, 1001, N'2025-03-17', N'Card Payment', 319.05, N'Out', N'Travel', N'Mobile', N'Poznan', 0);
INSERT INTO dbo.fact_transactions (Transaction_ID, Account_ID, Transaction_Date, Transaction_Type, Amount, Direction, Merchant_Category, Channel, City, Is_Fraud_Flag) VALUES (50313, 1001, N'2026-03-10', N'Card Payment', -120.5, N'Out', N'Groceries', N'POS', N'Warsaw', 0);
INSERT INTO dbo.fact_transactions (Transaction_ID, Account_ID, Transaction_Date, Transaction_Type, Amount, Direction, Merchant_Category, Channel, City, Is_Fraud_Flag) VALUES (50314, 1002, N'2022-01-10', N'Transfer', 950.0, N'Out', N'Transfer', N'Web', N'Wroclaw', 0);
INSERT INTO dbo.fact_transactions (Transaction_ID, Account_ID, Transaction_Date, Transaction_Type, Amount, Direction, Merchant_Category, Channel, City, Is_Fraud_Flag) VALUES (50315, 1003, N'2026-02-14', N'Card Payment', 79.99, N'Out', N'Restaurants', N'POS', N'warsaw', 0);
INSERT INTO dbo.fact_transactions (Transaction_ID, Account_ID, Transaction_Date, Transaction_Type, Amount, Direction, Merchant_Category, Channel, City, Is_Fraud_Flag) VALUES (50316, 1004, N'2026-03-21', N'Transfer', 12500.0, N'Out', N'Transfer', N'Web', N'Poznan', 1);

-- Insert data into fact_loans
INSERT INTO dbo.fact_loans (Loan_ID, Customer_ID, Loan_Type, Loan_Amount, Interest_Rate, Start_Date, End_Date, Loan_Status, Monthly_Installment) VALUES (9001, 7, N'Mortgage', 272509, 7.2, N'2022-10-18', N'2042-07-05', N'Active', 1217.21);
INSERT INTO dbo.fact_loans (Loan_ID, Customer_ID, Loan_Type, Loan_Amount, Interest_Rate, Start_Date, End_Date, Loan_Status, Monthly_Installment) VALUES (9002, 16, N'Cash', 38507, 8.92, N'2024-02-02', N'2029-01-06', N'Active', 699.03);
INSERT INTO dbo.fact_loans (Loan_ID, Customer_ID, Loan_Type, Loan_Amount, Interest_Rate, Start_Date, End_Date, Loan_Status, Monthly_Installment) VALUES (9003, 14, N'Car', 51556, 9.81, N'2025-09-26', N'2029-09-05', N'Active', 1179.45);
INSERT INTO dbo.fact_loans (Loan_ID, Customer_ID, Loan_Type, Loan_Amount, Interest_Rate, Start_Date, End_Date, Loan_Status, Monthly_Installment) VALUES (9004, 19, N'Cash', 35177, 12.04, N'2025-01-16', N'2027-01-06', N'Active', 1642.18);
INSERT INTO dbo.fact_loans (Loan_ID, Customer_ID, Loan_Type, Loan_Amount, Interest_Rate, Start_Date, End_Date, Loan_Status, Monthly_Installment) VALUES (9005, 6, N'Cash', 32599, 10.78, N'2023-09-01', N'2025-08-21', N'Active', 1504.72);
INSERT INTO dbo.fact_loans (Loan_ID, Customer_ID, Loan_Type, Loan_Amount, Interest_Rate, Start_Date, End_Date, Loan_Status, Monthly_Installment) VALUES (9006, 5, N'Mortgage', 546282, 7.74, N'2024-07-05', N'2049-02-24', N'Active', 1961.88);
INSERT INTO dbo.fact_loans (Loan_ID, Customer_ID, Loan_Type, Loan_Amount, Interest_Rate, Start_Date, End_Date, Loan_Status, Monthly_Installment) VALUES (9007, 10, N'Cash', 18292, 8.61, N'2022-08-22', N'2025-08-06', N'Closed', 551.86);
INSERT INTO dbo.fact_loans (Loan_ID, Customer_ID, Loan_Type, Loan_Amount, Interest_Rate, Start_Date, End_Date, Loan_Status, Monthly_Installment) VALUES (9008, 18, N'Cash', 19847, 10.98, N'2023-04-10', N'2025-03-30', N'Closed', 917.76);
INSERT INTO dbo.fact_loans (Loan_ID, Customer_ID, Loan_Type, Loan_Amount, Interest_Rate, Start_Date, End_Date, Loan_Status, Monthly_Installment) VALUES (9009, 11, N'Car', 45022, 8.8, N'2022-10-03', N'2028-09-01', N'Active', 680.33);
INSERT INTO dbo.fact_loans (Loan_ID, Customer_ID, Loan_Type, Loan_Amount, Interest_Rate, Start_Date, End_Date, Loan_Status, Monthly_Installment) VALUES (9010, 2, N'Cash', 11102, 11.38, N'2023-01-28', N'2027-01-07', N'Closed', 257.61);
